Id,LotArea,HouseStyle,OverallQual,YearBuilt,RoofStyle,GrLivArea,BedroomAbvGr,KitchenAbvGr,TotRmsAbvGrd,GarageArea,WoodDeckSF,TotalBsmtSF,1stFlrSF,SalePrice
1,8450,2Story,7,2003,Gable,1710,3,1,8,548,0,856,856,208500
2,9600,1Story,6,1976,Gable,1262,3,1,6,460,298,1262,1262,181500
3,11250,2Story,7,2001,Gable,1786,3,1,6,608,0,920,920,223500
4,9550,2Story,7,1915,Gable,1717,3,1,7,642,0,756,961,140000
5,14260,2Story,8,2000,Gable,2198,4,1,9,836,192,1145,1145,250000
6,14115,1.5Fin,5,1993,Gable,1362,1,1,5,480,40,796,796,143000
7,10084,1Story,8,2004,Gable,1694,3,1,7,636,255,1686,1694,307000
8,10382,2Story,7,1973,Gable,2090,3,1,7,484,235,1107,1107,200000
9,6120,1.5Fin,7,1931,Gable,1774,2,2,8,468,90,952,1022,129900
10,7420,1.5Unf,5,1939,Gable,1077,2,2,5,205,0,991,1077,118000
11,11200,1Story,5,1965,Hip,1040,3,1,5,384,0,1040,1040,129500
12,11924,2Story,9,2005,Hip,2324,4,1,11,736,147,1175,1182,345000
13,12968,1Story,5,1962,Hip,912,2,1,4,352,140,912,912,144000
14,10652,1Story,7,2006,Gable,1494,3,1,7,840,160,1494,1494,279500
15,10920,1Story,6,1960,Hip,1253,2,1,5,352,0,1253,1253,157000
16,6120,1.5Unf,7,1929,Gable,854,2,1,5,576,48,832,854,132000
17,11241,1Story,6,1970,Gable,1004,2,1,5,480,0,1004,1004,149000
18,10791,1Story,4,1967,Gable,1296,2,2,6,516,0,0,1296,90000
19,13695,1Story,5,2004,Gable,1114,3,1,6,576,0,1114,1114,159000
20,7560,1Story,5,1958,Hip,1339,3,1,6,294,0,1029,1339,139000
21,14215,2Story,8,2005,Gable,2376,4,1,9,853,240,1158,1158,325300
22,7449,1.5Unf,7,1930,Gable,1108,3,1,6,280,0,637,1108,139400
23,9742,1Story,8,2002,Hip,1795,3,1,7,534,171,1777,1795,230000
24,4224,1Story,5,1976,Gable,1060,3,1,6,572,100,1040,1060,129900
25,8246,1Story,5,1968,Gable,1060,3,1,6,270,406,1060,1060,154000
26,14230,1Story,8,2007,Gable,1600,3,1,7,890,0,1566,1600,256300
27,7200,1Story,5,1951,Gable,900,3,1,5,576,222,900,900,134800
28,11478,1Story,8,2007,Gable,1704,3,1,7,772,0,1704,1704,306000
29,16321,1Story,5,1957,Gable,1600,2,1,6,319,288,1484,1600,207500
30,6324,1Story,4,1927,Gable,520,1,1,4,240,49,520,520,68500
31,8500,2Story,4,1920,Gambrel,1317,3,1,6,250,0,649,649,40000
32,8544,1Story,5,1966,Gable,1228,3,1,6,271,0,1228,1228,149350
33,11049,1Story,8,2007,Gable,1234,3,1,7,484,0,1234,1234,179900
34,10552,1Story,5,1959,Hip,1700,4,1,6,447,0,1398,1700,165500
35,7313,1Story,9,2005,Hip,1561,2,1,6,556,203,1561,1561,277500
36,13418,2Story,8,2004,Gable,2452,4,1,9,691,113,1117,1132,309000
37,10859,1Story,5,1994,Gable,1097,3,1,6,672,392,1097,1097,145000
38,8532,1Story,5,1954,Hip,1297,3,1,5,498,0,1297,1297,153000
39,7922,1Story,5,1953,Gable,1057,3,1,5,246,0,1057,1057,109000
40,6040,1Story,4,1955,Gable,1152,2,2,6,0,0,0,1152,82000
41,8658,1Story,6,1965,Gable,1324,3,1,6,440,0,1088,1324,160000
42,16905,1Story,5,1959,Gable,1328,2,1,5,308,0,1350,1328,170000
43,9180,SFoyer,5,1983,Gable,884,2,1,5,504,240,840,884,144000
44,9200,1Story,5,1975,Hip,938,3,1,5,308,145,938,938,130250
45,7945,1Story,5,1959,Gable,1150,3,1,6,300,0,1150,1150,141000
46,7658,1Story,9,2005,Hip,1752,2,1,6,576,196,1752,1752,319900
47,12822,1.5Fin,7,2003,Gable,2149,1,1,6,670,168,1434,1518,239686
48,11096,1Story,8,2006,Gable,1656,3,1,7,826,0,1656,1656,249700
49,4456,2Story,4,1920,Gable,1452,2,3,8,0,0,736,736,113000
50,7742,1Story,5,1966,Gable,955,3,1,6,386,0,955,955,127000
51,13869,2Story,6,1997,Gable,1470,3,1,6,388,0,794,794,177000
52,6240,1.5Fin,6,1934,Gable,1176,3,1,6,528,112,816,816,114500
53,8472,1Story,5,1963,Gable,816,2,1,5,516,106,816,816,110000
54,50271,1Story,9,1981,Gable,1842,0,1,5,894,857,1842,1842,385000
55,7134,SLvl,5,1955,Gable,1360,3,1,6,572,0,384,1360,130000
56,10175,1Story,6,1964,Gable,1425,3,1,7,576,0,1425,1425,180500
57,2645,2Story,8,1999,Gable,1739,3,1,7,480,115,970,983,172500
58,11645,2Story,7,2004,Gable,1720,3,1,7,565,0,860,860,196500
59,13682,2Story,10,2006,Hip,2945,3,1,10,641,192,1410,1426,438780
60,7200,1Story,5,1972,Gable,780,2,1,4,352,196,780,780,124900
61,13072,1Story,6,2004,Gable,1158,3,1,5,576,0,1158,1158,158000
62,7200,2.5Unf,5,1920,Gable,1111,3,1,6,288,0,530,581,101000
63,6442,1Story,8,2006,Gable,1370,2,1,6,484,120,1370,1370,202500
64,10300,2Story,7,1921,Gable,1710,3,1,9,480,12,576,902,140000
65,9375,2Story,7,1997,Gable,2034,3,1,8,645,576,1057,1057,219500
66,9591,2Story,8,2004,Gable,2473,4,1,9,852,192,1143,1143,317000
67,19900,1Story,7,1970,Gable,2207,3,1,7,576,301,1947,2207,180000
68,10665,1Story,7,2003,Gable,1479,3,1,7,558,144,1453,1479,226000
69,4608,1Story,4,1945,Gable,747,2,1,4,220,0,747,747,80000
70,15593,1.5Fin,7,1953,Gable,2287,3,1,7,667,0,1304,1304,225000
71,13651,1Story,7,1973,Gable,2223,3,1,8,516,300,2223,2223,244000
72,7599,1Story,4,1982,Gable,845,2,1,4,360,0,845,845,129500
73,10141,2Story,7,1998,Gable,1718,3,1,7,427,0,832,885,185000
74,10200,1Story,5,1954,Gable,1086,3,1,6,490,0,1086,1086,144900
75,5790,2Story,3,1915,Gambrel,1605,3,2,8,379,0,840,840,107400
76,1596,SLvl,4,1973,Gable,988,2,1,5,297,120,462,526,91000
77,8475,1Story,4,1956,Gable,952,2,1,4,283,0,952,952,135750
78,8635,1.5Fin,5,1948,Gable,1285,2,1,6,240,0,672,1072,127000
79,10778,1Story,4,1968,Hip,1768,4,2,8,0,0,1768,1768,136500
80,10440,2Story,5,1910,Gable,1230,2,1,5,440,74,440,682,110000
81,13000,2Story,6,1968,Gable,2142,4,1,8,509,0,896,1182,193500
82,4500,1Story,6,1998,Hip,1337,2,1,5,405,0,1237,1337,153500
83,10206,1Story,8,2007,Gable,1563,3,1,6,758,144,1563,1563,245000
84,8892,1Story,5,1960,Gable,1065,3,1,6,461,74,1065,1065,126500
85,8530,SLvl,7,1995,Gable,1474,3,1,7,400,120,384,804,168500
86,16059,2Story,8,1991,Hip,2417,4,1,9,462,127,1288,1301,260000
87,11911,2Story,6,2005,Gable,1560,3,1,6,400,100,684,684,174000
88,3951,2Story,6,2009,Gable,1224,2,1,4,528,0,612,612,164500
89,8470,1.5Fin,3,1915,Hip,1526,2,1,6,0,0,1013,1013,85000
90,8070,1Story,4,1994,Gable,990,3,1,5,0,0,990,990,123600
91,7200,1Story,4,1950,Gable,1040,2,1,4,420,0,0,1040,109900
92,8500,1Story,5,1961,Hip,1235,2,1,6,480,0,1235,1235,98600
93,13360,1Story,5,1921,Gable,964,2,1,5,432,0,876,964,163500
94,7200,2.5Unf,6,1910,Hip,2291,4,2,9,506,0,1214,1260,133900
95,9337,2Story,6,1997,Gable,1786,3,1,7,684,0,824,905,204750
96,9765,2Story,6,1993,Gable,1470,3,1,6,420,232,680,680,185000
97,10264,1Story,7,1999,Gable,1588,3,1,6,472,158,1588,1588,214000
98,10921,1Story,4,1965,Hip,960,3,1,6,432,120,960,960,94750
99,10625,1Story,5,1920,Gable,835,2,1,5,366,0,458,835,83000
100,9320,1Story,4,1959,Gable,1225,3,1,6,0,352,950,1225,128950
101,10603,1Story,6,1977,Gable,1610,3,1,6,480,168,1610,1610,205000
102,9206,2Story,6,1985,Gable,1732,3,1,7,476,192,741,977,178000
103,7018,1Story,5,1979,Gable,1535,4,2,8,410,0,0,1535,118964
104,10402,1Story,7,2009,Gable,1226,3,1,6,740,0,1226,1226,198900
105,7758,1.5Fin,7,1931,Gable,1818,4,1,7,240,0,1040,1226,169500
106,9375,2Story,8,2003,Hip,1992,3,1,9,648,140,1053,1053,250000
107,10800,1Story,4,1885,Mansard,1047,2,1,6,273,0,641,1047,100000
108,6000,1Story,5,1948,Gable,789,2,1,5,250,0,789,789,115000
109,8500,1.5Fin,5,1919,Gable,1517,3,1,7,0,0,793,997,115000
110,11751,1Story,6,1977,Hip,1844,3,1,7,546,0,1844,1844,190000
111,9525,1.5Fin,6,1954,Gable,1855,4,1,7,325,182,994,1216,136900
112,7750,SLvl,7,2000,Gable,1430,3,1,7,400,180,384,774,180000
113,9965,2Story,7,2007,Gable,2696,4,1,10,792,120,1264,1282,383970
114,21000,1Story,6,1953,Hip,2259,3,1,7,450,166,1809,2259,217000
115,7259,2Story,6,1945,Gambrel,2320,3,1,9,180,224,1028,1436,259500
116,3230,2Story,6,1999,Gable,1458,2,1,5,440,0,729,729,176000
117,11616,1Story,5,1962,Gable,1092,3,1,6,288,0,1092,1092,139000
118,8536,1Story,5,2006,Gable,1125,2,1,5,430,80,1125,1125,155000
119,12376,2Story,7,1990,Hip,3222,5,1,11,594,367,1673,1699,320000
120,8461,2Story,6,2005,Gable,1456,3,1,8,390,0,728,728,163990
121,21453,SLvl,6,1969,Flat,988,1,1,4,540,0,938,988,180000
122,6060,1.5Fin,4,1939,Gable,1123,3,1,4,264,0,732,772,100000
123,9464,1Story,6,1958,Hip,1080,3,1,5,288,0,1080,1080,136000
124,7892,1Story,6,1993,Gable,1199,2,1,5,530,0,1199,1199,153900
125,17043,1Story,6,1979,Gable,1586,3,1,7,435,192,1362,1586,181000
126,6780,1.5Fin,6,1935,Gable,754,2,1,5,0,53,520,520,84500
127,4928,1Story,6,1976,Gable,958,2,1,5,440,0,1078,958,128000
128,4388,1.5Unf,5,1930,Gable,840,3,1,5,0,0,672,840,87000
129,7590,2Story,6,1966,Gable,1348,3,1,6,453,188,660,660,155000
130,8973,1Story,5,1958,Gable,1053,3,1,6,750,0,1008,1053,150000
131,14200,2Story,7,1966,Gable,2157,4,1,8,487,105,924,1216,226000
132,12224,2Story,6,2000,Gable,2054,3,1,7,390,24,992,1022,244000
133,7388,1Story,5,1959,Gable,1327,3,1,7,624,0,1063,1327,150750
134,6853,1Story,8,2001,Gable,1296,2,1,6,471,192,1267,1296,220000
135,10335,1Story,5,1968,Gable,1721,3,1,7,440,0,1461,1721,180000
136,10400,1Story,7,1970,Hip,1682,3,1,7,530,98,1304,1682,174000
137,10355,1Story,5,1967,Gable,1214,3,1,5,318,0,1214,1214,143000
138,11070,1Story,7,1988,Gable,1959,5,2,9,766,0,1907,1959,171000
139,9066,2Story,8,1999,Gable,1852,3,1,7,660,224,1004,1004,230000
140,15426,2Story,6,1997,Gable,1764,3,1,7,470,276,928,928,231500
141,10500,1Story,4,1971,Gable,864,3,1,5,0,0,864,864,115000
142,11645,1Story,7,2005,Gable,1734,3,1,7,660,160,1734,1734,260000
143,8520,1.5Fin,5,1952,Gable,1385,4,1,6,720,0,910,910,166000
144,10335,1Story,7,1999,Gable,1501,3,1,6,577,144,1490,1501,204000
145,9100,1Story,5,1963,Gable,1728,6,2,10,504,0,1728,1728,125000
146,2522,2Story,6,2004,Gable,1709,3,1,7,380,0,970,970,130000
147,6120,1Story,5,1931,Gable,875,2,1,5,180,48,715,875,105000
148,9505,2Story,7,2001,Gable,2035,3,1,8,434,144,884,884,222500
149,7500,1Story,7,2004,Gable,1080,3,1,6,0,0,1080,1080,141000
150,6240,1.5Fin,5,1936,Gable,1344,3,1,7,240,200,896,896,115000
151,10356,1Story,5,1975,Gable,969,3,1,5,440,0,969,969,122000
152,13891,1Story,8,2007,Hip,1710,2,1,6,866,0,1710,1710,372402
153,14803,2Story,6,1971,Gable,1993,4,1,8,495,0,825,1097,190000
154,13500,1Story,6,1960,Flat,1252,1,1,4,564,409,1602,1252,235000
155,11340,1Story,6,1923,Gable,1200,4,1,7,312,0,1200,1200,125000
156,9600,1.5Fin,6,1924,Gable,1096,2,1,5,0,0,572,572,79000
157,7200,1Story,5,1950,Hip,1040,2,1,5,625,0,0,1040,109500
158,12003,2Story,8,2009,Gable,1968,4,1,8,680,0,774,774,269500
159,12552,2Story,7,2004,Gable,1947,3,1,8,678,0,991,991,254900
160,19378,2Story,7,2005,Gable,2462,4,1,9,576,239,1392,1392,320000
161,11120,1Story,6,1984,Gable,1232,3,1,6,516,0,1232,1232,162500
162,13688,2Story,9,2003,Gable,2668,3,1,10,726,400,1572,1572,412500
163,12182,1Story,7,2005,Gable,1541,3,1,7,532,0,1541,1541,220000
164,5500,1.5Unf,4,1956,Gable,882,1,1,4,0,0,882,882,103200
165,5400,1Story,6,1926,Gable,1616,3,1,5,216,0,1149,1149,152000
166,10106,1.5Fin,5,1940,Gable,1355,4,2,6,0,140,644,808,127500
167,10708,1Story,5,1955,Hip,1867,2,1,7,303,476,1617,1867,190000
168,10562,2Story,8,2007,Gable,2161,3,1,8,789,178,1582,1610,325624
169,8244,2Story,7,2004,Gable,1720,3,1,7,440,100,840,840,183500
170,16669,1Story,8,1981,Hip,1707,2,1,6,511,574,1686,1707,228000
171,12358,1.5Fin,5,1941,Gable,1382,2,1,7,660,237,720,854,128500
172,31770,1Story,6,1960,Hip,1656,3,1,7,528,210,1080,1656,215000
173,5306,2Story,7,1987,Gable,1767,2,1,5,504,441,1064,1064,239000
174,10197,1Story,6,1961,Gable,1362,3,1,6,504,0,1362,1362,163000
175,12416,1Story,6,1986,Gable,1651,3,1,7,616,192,1606,1651,184000
176,12615,1Story,6,1950,Gable,2158,4,1,7,576,0,1202,2158,243000
177,10029,2Story,6,1988,Gable,2060,4,1,8,521,0,1151,1164,211000
178,13650,1.5Fin,5,1958,Gable,1920,4,1,8,451,0,1052,1252,172500
179,17423,1Story,9,2008,Hip,2234,1,1,9,1166,0,2216,2234,501837
180,8520,1Story,5,1923,Gable,968,2,1,5,480,0,968,968,100000
181,2117,2Story,6,2000,Gable,1525,3,1,5,440,0,756,769,177000
182,7588,2Story,7,1920,Gable,1802,4,1,9,216,0,793,901,200100
183,9060,1Story,5,1957,Hip,1340,3,1,7,252,116,0,1340,120000
184,11426,1.5Fin,7,2003,Gable,2082,3,1,6,484,280,1362,1362,200000
185,7438,1.5Fin,5,1908,Gable,1252,3,1,5,576,104,504,936,127000
186,22950,2.5Fin,10,1892,Gable,3608,4,1,12,840,0,1107,1518,475000
187,9947,SLvl,7,1990,Gable,1217,3,1,6,497,168,1188,1217,173000
188,10410,1.5Fin,5,1916,Gable,1656,3,1,8,180,0,660,808,135000
189,7018,SFoyer,5,1979,Gable,1224,2,2,6,528,120,1086,1224,153337
190,4923,1Story,8,2001,Gable,1593,0,1,5,682,0,1593,1593,286000
191,10570,2Story,8,1932,Hip,2727,3,1,10,440,0,853,1549,315000
192,7472,2Story,7,1972,Gable,1479,4,1,7,484,0,725,725,184000
193,9017,1Story,7,1999,Gable,1431,3,1,6,666,0,1431,1431,192000
194,2522,2Story,7,2004,Gable,1709,3,1,7,380,0,970,970,130000
195,7180,1Story,5,1972,Hip,864,3,1,5,352,0,864,864,127000
196,2280,2Story,6,1976,Gable,1456,3,1,7,440,87,855,855,148500
197,9416,1Story,7,2007,Hip,1726,3,1,8,786,171,1726,1726,311872
198,25419,2Story,8,1918,Gable,3112,4,1,8,795,0,1360,1360,235000
199,5520,2.5Fin,6,1912,Gable,2229,5,1,8,0,0,755,929,104000
200,9591,1Story,8,2004,Hip,1713,3,1,7,856,0,1713,1713,274900
201,8546,1Story,4,2003,Gable,1121,2,1,5,440,132,1121,1121,140000
202,10125,1Story,6,1977,Gable,1279,3,1,6,473,238,1196,1279,171500
203,7000,1.5Fin,6,1924,Gable,1310,2,1,6,398,0,617,865,112000
204,4438,1Story,6,2004,Gable,848,1,1,3,420,149,848,848,149000
205,3500,1.5Fin,5,1947,Gable,1284,2,1,5,240,0,720,720,110000
206,11851,1Story,7,1990,Gable,1442,3,1,5,500,0,1424,1442,180500
207,13673,1Story,5,1962,Gable,1696,3,1,8,349,0,1140,1696,143900
208,12493,1Story,4,1960,Gable,1100,3,1,6,312,355,1100,1100,141000
209,14364,2Story,7,1988,Gable,2062,3,1,7,454,60,1157,1180,277000
210,8250,1Story,6,1964,Hip,1092,3,1,6,504,0,1092,1092,145000
211,5604,1Story,5,1925,Gable,864,2,1,5,0,0,864,864,98000
212,10420,1Story,6,2009,Gable,1212,3,1,6,460,100,1212,1212,186000
213,8640,2Story,7,2009,Gable,1852,3,1,7,644,168,900,932,252678
214,13568,1Story,5,1995,Gable,990,3,1,5,576,224,990,990,156000
215,10900,2Story,6,1977,Gable,1392,3,1,6,299,0,689,689,161750
216,10011,1Story,5,1957,Gable,1236,2,1,6,447,0,1070,1236,134450
217,8450,1Story,7,2004,Gable,1436,3,1,8,484,139,1436,1436,210000
218,9906,2Story,4,1925,Gable,1328,3,1,8,210,0,686,810,107000
219,15660,1.5Fin,7,1939,Gable,1954,3,1,8,431,0,798,1137,311500
220,3010,1Story,7,2005,Gable,1248,2,1,5,438,108,1248,1248,167240
221,8990,1Story,7,2006,Gable,1498,2,1,5,675,351,1498,1498,204900
222,8068,2Story,6,2002,Gable,2267,4,1,8,390,120,1010,1010,200000
223,11475,2Story,6,1975,Gable,1552,3,1,6,434,209,713,811,179900
224,10500,1Story,4,1971,Gable,864,2,1,4,576,216,864,864,97000
225,13472,1Story,10,2003,Hip,2392,3,1,8,968,248,2392,2392,386250
226,1680,2Story,5,1971,Gable,1302,3,1,6,280,0,630,630,112000
227,9950,2Story,7,1995,Gable,2520,4,1,9,721,224,1203,1214,290000
228,1869,2Story,6,1970,Gable,987,2,1,5,280,0,483,483,106000
229,8521,1Story,5,1967,Gable,912,3,1,5,336,0,912,912,125000
230,3182,1Story,7,2005,Gable,1555,2,1,7,430,143,1373,1555,192500
231,8760,1Story,6,1959,Hip,1194,3,1,6,312,0,1194,1194,148000
232,15138,2Story,8,1995,Gable,2794,4,1,9,810,0,1462,1490,403000
233,1680,2Story,6,1972,Gable,987,2,1,5,288,0,483,483,94500
234,10650,1Story,5,1976,Gable,894,3,1,5,308,365,894,894,128200
235,7851,2Story,6,2002,Gable,1960,4,1,8,440,288,860,860,216500
236,1680,2Story,6,1971,Gable,987,2,1,5,264,0,483,483,89500
237,8773,1Story,7,2004,Gable,1414,3,1,6,494,132,1414,1414,185500
238,9453,2Story,7,1993,Gable,1744,3,1,7,457,370,996,1014,194500
239,12030,1Story,8,2007,Hip,1694,3,1,7,818,168,1694,1694,318000
240,8741,1.5Fin,6,1945,Gable,1487,3,1,7,220,0,735,798,113000
241,9000,1Story,8,2008,Gable,1566,3,1,7,750,144,1566,1566,262500
242,3880,1Story,5,1945,Gable,866,2,1,4,0,58,686,866,110500
243,5000,1.5Fin,5,1900,Gable,1440,3,1,6,352,0,540,889,79000
244,10762,2Story,6,1980,Gable,1217,3,1,6,288,0,626,626,120000
245,8880,2Story,7,1994,Gable,2110,3,1,8,463,0,948,1222,205000
246,10400,1Story,7,1988,Gable,1872,3,1,6,604,197,1845,1872,241500
247,9142,2Story,6,1910,Gable,1928,4,2,9,440,0,1020,908,137000
248,11310,1Story,6,1954,Hip,1375,2,1,5,451,0,1367,1375,140000
249,11317,2Story,7,2003,Gable,1668,3,1,8,500,144,840,840,180000
250,159000,1.5Fin,6,1958,Gable,2144,4,1,7,389,0,1444,1444,277000
251,5350,1Story,3,1940,Gable,1306,3,1,6,0,263,728,1306,76500
252,4750,1Story,8,2006,Hip,1625,2,1,5,538,123,1573,1625,235000
253,8366,2Story,6,2004,Gable,1640,3,1,6,520,138,798,798,173000
254,9350,SLvl,6,1964,Hip,1302,3,1,7,309,333,1302,1302,158000
255,8400,1Story,5,1957,Gable,1314,3,1,5,294,250,1314,1314,145000
256,8738,2Story,7,1999,Gable,2291,4,1,8,429,192,975,1005,230000
257,8791,2Story,6,2003,Gable,1728,3,1,7,673,216,864,864,207500
258,8814,1Story,7,2006,Gable,1604,3,1,8,660,123,1604,1604,220000
259,12435,2Story,7,2001,Gable,1792,3,1,7,564,0,963,963,231500
260,12702,1Story,5,1956,Gable,882,2,1,4,308,0,0,882,97000
261,19296,SLvl,6,1962,Gable,1382,3,1,6,884,0,1362,1382,176000
262,9588,2Story,8,2007,Gable,2574,3,1,10,868,0,1482,1482,276000
263,8471,SLvl,6,1977,Gable,1212,3,1,6,492,292,506,1212,151000
264,5500,1.5Fin,5,1929,Gable,1316,3,1,6,484,0,926,926,130000
265,5232,1Story,5,1925,Gable,764,2,1,4,504,0,680,764,73000
266,12090,1Story,6,1981,Gable,1422,3,1,7,576,276,1422,1422,175500
267,11207,2Story,6,1997,Gable,1511,3,1,8,413,95,802,802,185000
268,8400,2.5Fin,5,1939,Gable,2192,4,1,8,240,262,720,1052,179500
269,6900,1Story,5,1940,Gable,778,2,1,4,924,0,740,778,120500
270,7917,1Story,6,1976,Hip,1113,3,1,6,504,370,1143,1113,148000
271,10728,2Story,8,2006,Gable,1939,3,1,8,1053,192,1095,1095,266000
272,39104,1Story,7,1954,Flat,1363,2,1,5,439,81,1385,1363,241500
273,11764,2Story,8,1999,Gable,2270,4,1,9,671,132,1152,1164,290000
274,9600,1Story,6,1958,Hip,1632,3,1,6,338,289,1240,1632,139000
275,8314,1Story,5,1982,Gable,816,2,1,5,264,168,816,816,124500
276,7264,1.5Fin,7,1925,Gable,1548,3,1,5,672,74,952,952,205000
277,9196,1Story,7,2003,Gable,1560,3,1,7,573,100,1560,1560,201000
278,19138,1Story,4,1951,Gable,864,2,1,4,400,0,864,864,141000
279,14450,1Story,9,2006,Gable,2121,3,1,8,732,124,2121,2121,415298
280,10005,2Story,7,1977,Hip,2022,4,1,8,505,288,1160,1156,192000
281,11287,2Story,7,1989,Gable,1982,3,1,7,575,0,807,1175,228500
282,7200,1Story,6,2006,Gable,1262,2,1,5,572,0,1262,1262,185000
283,5063,1Story,7,2007,Gable,1314,2,1,6,626,172,1314,1314,207500
284,9612,1Story,8,2008,Gable,1468,3,1,6,898,210,1468,1468,244600
285,8012,1Story,6,1992,Gable,1575,2,1,5,529,0,1575,1575,179200
286,4251,2Story,7,2006,Gable,1250,2,1,5,528,0,625,625,164700
287,9786,1.5Fin,6,1962,Gable,1734,3,1,7,440,0,912,1085,159000
288,8125,1Story,4,1971,Gable,858,3,1,5,0,0,858,858,88000
289,9819,1Story,5,1967,Gable,900,3,1,5,280,0,882,900,122000
290,8730,2Story,6,1915,Gable,1396,3,1,7,384,0,698,698,153575
291,15611,2Story,8,2006,Gable,1919,3,1,8,685,0,1079,1079,233230
292,5687,2Story,5,1912,Gable,1716,6,1,9,0,0,780,936,135900
293,11409,1.5Fin,5,1949,Gable,1716,3,1,8,281,0,768,1148,131000
294,16659,2Story,7,1977,Gable,2263,3,1,9,539,0,795,1468,235000
295,9600,1Story,6,1953,Hip,1644,3,1,7,418,110,1416,1644,167000
296,7937,SLvl,6,1984,Gable,1003,3,1,6,588,120,1003,1003,142500
297,13710,1.5Fin,5,1950,Gable,1558,4,1,6,282,289,910,910,152000
298,7399,2Story,7,1997,Hip,1950,3,1,7,576,0,975,975,239000
299,11700,2Story,6,1968,Mansard,1743,3,1,7,539,224,702,1041,175000
300,14000,1Story,6,1950,Gable,1152,3,1,6,300,0,1092,1152,158500
301,15750,1Story,5,1953,Hip,1336,2,1,5,375,0,1165,1336,157000
302,16226,2Story,8,1998,Gable,2452,4,1,9,683,208,1028,1210,267000
303,13704,1Story,7,2001,Gable,1541,3,1,6,843,468,1541,1541,205000
304,9800,1Story,5,1972,Gable,894,3,1,5,552,256,894,894,149900
305,18386,2.5Fin,7,1880,Gable,3493,3,1,10,870,302,1470,1675,295000
306,10386,1Story,8,2004,Gable,2000,3,1,8,888,168,2000,2000,305900
307,13474,2Story,7,1990,Gable,2243,4,1,8,746,127,700,1122,225000
308,7920,1.5Fin,6,1920,Gable,1406,3,1,6,0,0,319,1035,89500
309,12342,1Story,4,1940,Gable,861,1,1,4,539,158,861,861,82500
310,12378,1Story,9,2003,Gable,1944,3,1,8,708,208,1896,1944,360000
311,7685,2Story,6,1993,Gable,1501,3,1,6,420,190,697,697,165600
312,8000,1Story,6,1948,Gable,972,2,1,5,240,0,972,972,132000
313,7800,1.5Fin,5,1939,Gable,1118,3,1,5,410,0,793,793,119900
314,215245,1Story,7,1965,Hip,2036,3,1,8,513,0,2136,2036,375000
315,9600,2Story,7,1925,Gable,1641,3,1,6,546,0,728,832,178000
316,7795,2Story,7,2004,Gable,1432,3,1,6,432,100,716,716,188500
317,13005,2Story,7,1980,Gable,2353,4,1,10,484,288,845,1153,260000
318,9000,2Story,8,2006,Gable,1959,3,1,8,1025,208,1088,1088,270000
319,9900,2Story,7,1993,Gable,2646,4,1,9,656,340,1347,1372,260000
320,14115,SLvl,7,1980,Gable,1472,3,1,6,588,233,1372,1472,187500
321,16259,2Story,9,2006,Gable,2596,4,1,9,840,240,1249,1249,342643
322,12099,2Story,8,2004,Gable,2468,4,1,10,872,184,1136,1136,354000
323,10380,2Story,7,1986,Gable,2730,4,1,8,576,201,1502,1553,301000
324,5820,1Story,3,1955,Gable,1163,3,1,6,220,142,1162,1163,126175
325,11275,SLvl,7,1967,Mansard,2978,5,1,11,564,240,710,1898,242000
326,5000,1.5Unf,5,1941,Gable,803,2,1,5,360,0,720,803,87000
327,10846,1Story,8,1993,Gable,1719,1,1,6,473,122,1719,1719,324000
328,11600,1Story,6,1960,Hip,1383,3,1,7,292,0,1383,1383,145250
329,11888,2.5Unf,6,1916,Gable,2134,5,1,10,441,0,844,1445,214500
330,6402,2Story,5,1920,Gable,1192,3,1,6,189,0,596,596,78000
331,10624,1Story,5,1964,Gable,1728,6,2,10,352,155,1728,1728,119000
332,8176,1Story,5,1958,Gable,1056,3,1,6,308,0,1056,1056,139000
333,10655,1Story,8,2003,Gable,1629,3,1,7,880,0,3206,1629,284000
334,8198,1Story,7,2004,Gable,1358,2,1,6,484,192,1358,1358,207000
335,9042,2Story,6,1998,Gable,1638,3,1,7,472,100,943,943,192000
336,164660,1.5Fin,5,1965,Gable,1786,3,1,7,529,670,1499,1619,228950
337,14157,1Story,9,2005,Hip,1922,3,1,8,676,178,1922,1922,377426
338,9135,1Story,7,2002,Gable,1536,3,1,7,532,192,1536,1536,214000
339,14145,1Story,7,1984,Gable,1621,3,1,8,440,108,1208,1621,202500
340,12400,1Story,6,1958,Hip,1215,3,1,6,297,0,1215,1215,155000
341,14191,2Story,8,2002,Gable,1908,4,1,9,431,135,967,993,202900
342,8400,1Story,4,1950,Gable,841,2,1,4,294,250,721,841,82000
343,8544,1Story,3,1949,Gable,1040,2,2,6,400,0,0,1040,87500
344,8849,1Story,9,2005,Hip,1684,2,1,6,564,495,1684,1684,266000
345,2592,2Story,5,1976,Gable,1112,3,1,4,336,182,536,536,85000
346,6435,1.5Fin,6,1939,Gable,1577,3,1,6,312,0,972,972,140200
347,12772,1Story,6,1960,Hip,958,2,1,5,301,0,958,958,151500
348,17600,1Story,6,1960,Gable,1478,3,1,6,498,0,1478,1478,157500
349,2448,2Story,7,2003,Gable,1626,2,1,6,474,0,764,764,154000
350,20431,2Story,9,2005,Hip,2728,4,1,10,706,0,1848,1848,437154
351,7820,1Story,9,2007,Hip,1869,2,1,6,617,210,1869,1869,318061
352,5271,1Story,7,1986,Gable,1453,2,1,6,445,0,1453,1453,190000
353,9084,1.5Fin,5,1941,Gable,1111,3,1,5,200,48,616,616,95000
354,8520,1Story,6,1928,Gable,720,2,1,5,484,106,624,720,105900
355,8400,1.5Fin,6,1940,Gable,1595,2,1,6,240,0,940,1192,140000
356,11249,1Story,6,1995,Gable,1200,3,1,6,521,0,1200,1200,177500
357,9248,1Story,6,1992,Gable,1167,3,1,6,400,120,1158,1167,173000
358,4224,1Story,5,1976,Gable,1142,3,1,6,528,536,1142,1142,134000
359,6930,SLvl,5,1958,Hip,1352,3,1,6,288,168,1062,1352,130000
360,12011,2Story,8,1998,Gable,1924,3,1,7,592,208,1086,1086,280000
361,7540,SFoyer,6,1978,Gable,912,2,1,5,470,0,888,912,156000
362,9144,1.5Fin,5,1940,Gable,1505,3,1,8,240,0,883,988,145000
363,7301,SFoyer,7,2003,Gable,1922,4,1,7,672,0,0,495,198500
364,1680,2Story,6,1972,Gable,987,2,1,5,264,250,483,483,118000
365,18800,2Story,6,1976,Gable,1574,3,1,6,566,306,796,790,190000
366,10690,2Story,5,1920,Hip,1344,3,1,6,468,0,672,672,147000
367,9500,1Story,6,1963,Gable,1394,3,1,6,514,0,1394,1394,159000
368,9150,SLvl,6,1962,Gable,1431,3,1,6,296,64,1099,1431,165000
369,7800,1Story,5,1954,Gable,1268,2,1,7,244,0,1268,1268,132000
370,9830,1Story,5,1959,Gable,1287,3,1,7,576,364,1063,1287,162000
371,8121,2Story,6,2000,Gable,1664,3,1,7,460,100,953,953,172400
372,17120,1.5Fin,4,1959,Gable,1588,4,1,7,680,0,0,1120,134432
373,7175,1Story,6,1984,Gable,752,2,1,4,264,353,744,752,125000
374,10634,1Story,5,1953,Gable,1319,3,1,5,270,66,608,1319,123000
375,8200,2Story,7,2003,Gable,1928,4,1,8,434,100,847,847,219500
376,10020,1Story,1,1922,Gable,904,1,1,4,0,0,683,904,61000
377,8846,SFoyer,5,1996,Gable,914,2,1,5,576,0,870,914,148000
378,11143,2Story,8,2004,Gable,2466,4,1,8,610,159,1580,1580,340000
379,11394,1Story,9,2010,Hip,1856,1,1,8,834,113,1856,1856,394432
380,8123,2Story,6,2000,Gable,1800,3,1,7,463,100,982,1007,179000
381,5000,1.5Fin,5,1924,Gable,1691,3,1,6,308,0,1026,1026,127000
382,7200,1Story,7,2006,Gable,1301,2,1,5,572,216,1293,1301,187750
383,9245,2Story,7,2006,Gable,1797,3,1,8,639,144,939,939,213500
384,9000,1.5Unf,6,1928,Gable,784,2,1,5,360,0,784,784,76000
385,53107,2Story,6,1992,Gable,1953,3,1,9,501,216,1580,1079,240000
386,3182,1Story,8,2004,Gable,1269,2,1,6,430,146,1256,1269,192000
387,8410,1.5Fin,5,1910,Gambrel,1184,5,1,8,0,0,658,658,81000
388,7200,SLvl,6,1976,Hip,1125,3,1,6,352,296,1041,1125,125000
389,9382,1Story,7,1999,Gable,1479,3,1,6,577,120,1468,1479,191000
390,12474,2Story,10,2007,Gable,2332,3,1,9,846,196,1682,1742,426000
391,8405,1.5Fin,5,1900,Gable,1367,4,1,7,384,0,861,961,119000
392,12209,2Story,6,2001,Gable,1961,3,1,7,560,125,804,804,215000
393,8339,1Story,5,1959,Gable,882,3,1,5,294,0,0,882,106500
394,7446,1Story,4,1941,Gable,788,2,1,4,0,0,788,788,100000
395,10134,1.5Fin,5,1940,Gable,1034,2,1,5,240,0,735,735,109000
396,9571,1Story,5,1956,Gable,1144,3,1,6,596,44,1144,1144,129000
397,7200,1Story,5,1972,Hip,894,2,1,6,600,215,894,894,123000
398,7590,2Story,5,1962,Gable,1812,4,1,8,264,0,864,876,169500
399,8967,1Story,5,1920,Gable,1077,2,1,6,338,0,961,1077,67000
400,8125,2Story,7,2006,Gable,1550,2,1,7,438,0,1092,1112,241000
401,14963,1Story,8,1996,Gable,1288,1,1,4,500,120,1260,1288,245500
402,8767,1Story,7,2005,Gable,1310,3,1,6,400,0,1310,1310,164990
403,10200,1Story,5,1940,Gable,672,2,1,4,240,168,672,672,108000
404,12090,2Story,8,1998,Hip,2263,4,1,10,420,144,1141,1165,258000
405,10364,2Story,6,1995,Gable,1572,3,1,7,373,0,806,806,168000
406,9991,1Story,4,1976,Gable,1620,3,1,8,490,120,1281,1620,150000
407,10480,1.5Fin,6,1936,Gable,1639,3,1,6,240,0,1064,1166,115000
408,15576,2Story,6,1915,Gable,1680,4,1,8,308,0,840,840,177000
409,14154,2Story,7,2006,Gable,2172,3,1,9,947,192,1063,1071,280000
410,10800,2Story,8,2007,Gable,2078,3,1,8,836,0,1034,1050,339750
411,9571,1Story,5,1958,Gable,1276,3,1,5,350,0,1276,1276,60000
412,34650,1Story,5,1955,Hip,1056,3,1,5,572,264,1056,1056,145000
413,4403,1Story,7,2009,Gable,1478,2,1,7,484,0,1470,1478,222000
414,8960,1Story,5,1927,Gable,1028,2,1,5,360,0,1008,1028,115000
415,11228,2Story,7,1993,Gable,2097,3,1,9,678,196,1080,1080,228000
416,8899,1Story,7,2007,Gable,1340,3,1,6,396,100,1340,1340,181134
417,7844,2Story,6,1978,Hip,1400,3,1,6,440,0,672,672,149500
418,22420,2Story,6,1918,Hip,2624,4,1,10,864,0,1370,1370,239000
419,8160,1.5Fin,5,1940,Gable,1134,3,1,7,240,0,756,756,126000
420,8450,1Story,5,1968,Gable,1056,3,1,6,304,0,1056,1056,142000
421,7060,SFoyer,7,1997,Gable,1344,2,2,8,784,0,1344,1344,206300
422,16635,1Story,6,1977,Gable,1602,3,1,8,529,240,1602,1602,215000
423,21750,1Story,5,1954,Hip,988,2,1,4,520,0,988,988,113000
424,9200,2Story,8,1998,Gable,2630,4,1,8,696,0,1470,1470,315000
425,9000,1Story,6,1956,Gable,1196,2,1,6,297,0,1196,1196,139000
426,3378,2Story,7,1946,Gable,1389,3,1,6,240,0,651,707,135000
427,12800,SLvl,7,1989,Gable,1644,2,1,5,569,80,1518,1644,275000
428,8593,1Story,4,1957,Hip,907,3,1,5,352,0,907,907,109008
429,6762,1Story,7,2007,Gable,1208,2,1,6,628,105,1208,1208,195400
430,11457,1Story,6,1988,Gable,1412,3,1,6,576,0,1392,1412,175000
431,1680,2Story,6,1971,Gable,987,2,1,4,264,0,483,483,85400
432,5586,1.5Fin,6,1920,Gable,1198,4,1,7,0,0,901,1088,79900
433,1920,2Story,5,1971,Gable,1365,2,1,6,440,240,765,765,122500
434,10839,2Story,6,1997,Gable,1604,3,1,7,470,0,926,926,181000
435,1890,SFoyer,4,1972,Gable,630,1,1,3,0,88,630,630,81000
436,10667,2Story,7,1996,Gable,1661,3,1,6,550,158,799,827,212000
437,4400,1.5Fin,6,1920,Gable,1118,2,1,6,440,0,648,734,116000
438,6000,1.5Unf,6,1926,Gable,904,2,1,4,180,0,884,904,119000
439,4280,1Story,5,1913,Gable,694,2,1,4,352,0,440,694,90350
440,12354,1.5Fin,6,1920,Gable,1196,3,1,7,528,0,684,684,110000
441,15431,1Story,10,2008,Hip,2402,2,1,10,672,0,3094,2402,555000
442,12108,1Story,4,1955,Gable,1440,4,2,8,0,0,1440,1440,118000
443,6240,1.5Fin,5,1930,Gable,1573,3,1,8,360,0,1078,1128,162900
444,3922,1Story,7,2006,Gable,1258,2,1,6,648,144,1258,1258,172500
445,8750,2Story,7,1994,Gable,1908,4,1,8,493,144,915,933,210000
446,9855,1Story,6,1956,Hip,1689,3,1,7,480,0,1436,1689,127500
447,16492,1Story,6,1966,Gable,1888,2,1,6,578,0,1517,1888,190000
448,11214,2Story,7,1998,Gable,1886,4,1,10,431,89,930,956,199900
449,8600,1.5Fin,6,1937,Gable,1376,3,1,7,198,0,780,780,119500
450,6000,1.5Fin,3,1948,Gable,1183,2,1,6,308,0,649,679,120000
451,5684,1Story,6,1930,Hip,813,2,1,5,270,0,813,813,110000
452,70761,1Story,7,1975,Gable,1533,2,1,5,576,200,1533,1533,280000
453,9303,2Story,6,1996,Hip,1756,3,1,7,422,144,872,888,204000
454,9000,2Story,8,2008,Gable,1590,3,1,6,676,0,768,786,210000
455,9297,1Story,5,1976,Gable,1728,4,2,8,560,0,1728,1728,188000
456,9600,1Story,7,1973,Hip,1242,3,1,6,528,0,1242,1242,175500
457,4571,2Story,5,1916,Gable,1344,4,1,7,513,0,624,624,98000
458,53227,1Story,4,1954,Flat,1663,2,1,6,529,224,1364,1663,256000
459,5100,2Story,8,1925,Hip,1666,3,1,7,228,192,588,833,161000
460,7015,1.5Fin,5,1950,Gable,1203,3,1,5,352,0,709,979,110000
461,8004,2Story,8,2009,Gable,1935,3,1,8,552,0,832,832,263435
462,7200,2Story,7,1936,Gable,1135,3,1,6,576,256,560,575,155000
463,8281,1Story,5,1965,Gable,864,3,1,5,360,0,864,864,62383
464,11988,2Story,6,1934,Hip,1660,3,1,6,240,0,715,849,188700
465,8430,1Story,5,1978,Gable,1040,3,1,5,0,0,1040,1040,124000
466,3072,1Story,7,2004,Hip,1414,2,1,6,398,144,1375,1414,178740
467,10628,1Story,7,1970,Flat,1277,2,1,5,526,0,1277,1277,167000
468,9480,2Story,5,1942,Gable,1644,3,1,7,312,168,728,888,146500
469,11428,1Story,8,2006,Gable,1634,3,1,7,866,0,1626,1634,250000
470,9291,2Story,6,1993,Gable,1710,3,1,7,506,144,832,832,187000
471,6820,1Story,8,1985,Gable,1502,1,1,4,528,0,1488,1502,212000
472,11952,2Story,7,1977,Mansard,1969,3,1,8,534,0,808,1161,190000
473,3675,SLvl,6,2005,Gable,1072,2,1,5,525,0,547,1072,148000
474,14977,1Story,8,2006,Gable,1976,2,1,7,908,250,1976,1976,440000
475,5330,1Story,8,2000,Gable,1652,2,1,6,499,96,1494,1652,251000
476,8480,1Story,5,1963,Hip,970,2,1,5,624,0,970,970,132500
477,13125,1Story,6,1997,Gable,1493,3,1,7,508,140,1478,1493,208900
478,13693,2Story,9,2006,Hip,2643,3,1,9,694,414,2153,2069,380000
479,10637,1Story,8,2007,Hip,1718,3,1,7,826,208,1705,1718,297000
480,5925,1Story,4,1937,Hip,1131,2,1,7,672,0,907,1131,89471
481,16033,1Story,9,2004,Hip,1850,3,1,8,772,519,1833,1850,326000
482,11846,1Story,9,2003,Hip,1792,2,1,6,874,206,1792,1792,374000
483,2500,2Story,7,1915,Gable,1826,4,1,7,164,0,910,916,155000
484,4500,1Story,6,1998,Hip,1216,2,1,5,402,0,1216,1216,164000
485,7758,1Story,5,1962,Gable,999,3,1,6,264,0,999,999,132500
486,9600,1Story,5,1950,Gable,1113,3,1,5,264,0,1113,1113,147000
487,10289,1Story,5,1965,Hip,1073,3,1,6,515,0,1073,1073,156000
488,12243,1Story,5,1971,Gable,1484,3,1,7,487,224,1484,1484,175000
489,10800,1.5Fin,5,1900,Gable,2414,3,2,10,520,142,954,1766,160000
490,1526,SFoyer,4,1970,Gable,630,1,1,3,286,0,630,630,86000
491,2665,2Story,5,1976,Gable,1304,3,1,4,336,141,264,616,115000
492,9490,1.5Fin,6,1941,Gable,1578,3,1,5,240,0,806,958,133000
493,15578,2Story,6,2006,Gable,1456,3,1,8,429,0,728,728,172785
494,7931,1Story,5,1960,Gable,1269,3,1,6,308,0,1269,1269,155000
495,5784,1Story,5,1938,Gable,886,2,1,4,273,144,190,886,91300
496,7879,1Story,4,1920,Gable,720,2,1,4,0,0,720,720,34900
497,12692,1Story,8,1992,Hip,3228,4,1,10,546,264,3200,3228,430000
498,9120,1.5Fin,7,1925,Gable,1820,4,1,8,240,0,1026,1133,184000
499,7800,1Story,5,1967,Hip,899,3,1,5,288,64,864,899,130000
500,7535,1Story,5,1958,Gable,912,2,1,5,297,12,912,912,120000
501,1890,2Story,6,1973,Gable,1218,3,1,7,264,144,672,672,113000
502,9803,2Story,7,2005,Gable,1768,3,1,7,603,0,866,866,226700
503,9170,1Story,5,1965,Hip,1214,2,1,6,461,0,1214,1214,140000
504,15602,1Story,7,1959,Gable,1801,1,1,6,484,0,1501,1801,289000
505,2308,2Story,6,1974,Gable,1322,3,1,6,440,260,855,855,147000
506,7596,2Story,5,1952,Hip,1960,4,2,10,400,0,960,960,124500
507,9554,2Story,8,1993,Gable,1911,3,1,8,471,182,777,1065,215000
508,7862,1Story,6,2009,Gable,1218,2,1,4,676,0,1218,1218,208300
509,9600,2Story,7,1928,Gambrel,1378,3,1,7,360,0,689,689,161000
510,9600,1Story,5,1959,Gable,1041,3,1,6,270,224,1041,1041,124500
511,14559,1Story,5,1951,Hip,1363,2,1,6,288,324,1008,1363,164900
512,6792,1Story,7,2005,Gable,1368,2,1,6,474,132,1368,1368,202665
513,9100,1Story,5,1958,Gable,864,3,1,5,624,0,864,864,129900
514,9187,1Story,6,1983,Gable,1080,3,1,5,484,120,1084,1080,134000
515,10594,1.5Unf,5,1926,Gable,789,2,1,5,200,0,768,789,96500
516,12220,1Story,10,2009,Hip,2020,3,1,9,900,156,2006,2020,402861
517,10448,SLvl,6,1972,Gable,2119,3,1,7,583,0,689,1378,158000
518,10208,2Story,7,1996,Gable,2344,3,1,7,889,220,1264,1277,265000
519,9531,2Story,6,1998,Gable,1796,3,1,7,546,0,794,882,211000
520,10918,2Story,7,1926,Gambrel,2080,3,1,9,282,0,1276,1276,234000
521,10800,2Story,4,1900,Gable,1294,3,2,7,0,220,0,694,106250
522,11988,1Story,6,1957,Gable,1244,3,1,6,336,0,1244,1244,150000
523,5000,1.5Fin,6,1947,Gable,1664,3,1,7,420,0,1004,1004,159000
524,40094,2Story,10,2007,Hip,4676,3,1,11,884,208,3138,3138,184750
525,11787,2Story,7,1996,Gable,2398,3,1,8,834,239,1379,1383,315750
526,7500,1Story,7,2005,Gable,1266,3,1,6,453,38,1257,1266,176000
527,13300,1Story,5,1956,Hip,928,2,1,4,252,261,928,928,132000
528,14948,2Story,9,2008,Hip,2713,3,1,11,858,126,1452,1476,446261
529,9098,1Story,4,1920,Gable,605,2,1,5,0,0,528,605,86000
530,32668,1Story,6,1957,Hip,2515,4,2,9,484,0,2035,2515,200624
531,10200,SLvl,6,1988,Gable,1509,3,1,5,600,224,1461,1509,175000
532,6155,2Story,6,1920,Gable,1362,3,1,6,502,0,611,751,128000
533,7200,1Story,5,1955,Gable,827,2,1,5,392,0,0,827,107500
534,5000,1Story,1,1946,Gable,334,1,1,2,0,0,0,334,39300
535,9056,2Story,8,2004,Gable,1414,3,1,6,403,100,707,707,178000
536,7000,2Story,5,1910,Gable,1347,3,1,5,0,85,1117,820,107500
537,8924,2Story,7,1998,Gable,1724,3,1,8,527,120,880,880,188000
538,12735,1Story,4,1972,Hip,864,3,1,5,576,216,864,864,111250
539,11553,1Story,5,1968,Hip,1159,3,1,7,336,466,1051,1159,158000
540,11423,1Story,8,2001,Gable,1601,3,1,6,670,180,1581,1601,272000
541,14601,1Story,9,2006,Hip,1838,2,1,8,765,270,1838,1838,315000
542,11000,2Story,8,2000,Gable,2285,4,1,8,648,0,969,997,248000
543,10140,1Story,7,1998,Hip,1680,3,1,7,583,78,1650,1680,213250
544,4058,SFoyer,7,1998,Gable,767,1,1,4,367,120,723,767,133000
545,17104,2Story,7,2006,Gable,1496,3,1,7,426,100,654,664,179665
546,13837,1.5Fin,7,1988,Gable,2183,4,1,9,786,0,1204,1377,229000
547,8737,1.5Fin,6,1923,Gable,1635,3,1,6,440,0,1065,915,210000
548,7244,SFoyer,5,1970,Gable,768,2,1,5,624,104,768,768,129500
549,8235,1Story,5,1955,Gable,825,2,1,4,720,140,825,825,125000
550,9375,2Story,7,2003,Gable,2094,4,1,8,615,182,912,912,263000
551,4043,1Story,6,1977,Gable,1069,2,1,4,440,0,1069,1069,140000
552,6000,1Story,5,1957,Hip,928,3,1,5,288,0,928,928,112500
553,11146,1Story,8,2006,Gable,1717,3,1,7,908,169,1709,1717,255500
554,8777,1Story,4,1949,Gable,1126,2,1,5,520,0,0,1126,108000
555,10625,2Story,7,2003,Gable,2046,3,1,8,871,320,998,1006,284000
556,6380,1.5Unf,5,1922,Gable,1048,2,1,5,280,0,993,1048,113000
557,14850,1Story,5,1957,Gable,1092,2,1,6,299,268,1092,1092,141000
558,11040,1.5Fin,4,1920,Gable,1336,3,1,7,570,0,637,897,108000
559,21872,2Story,7,1996,Gable,1446,3,1,6,406,264,729,729,175000
560,3196,1Story,7,2003,Gable,1557,2,1,7,420,143,1374,1557,234000
561,11341,1Story,5,1957,Hip,1392,3,1,5,528,0,1392,1392,121500
562,10010,1Story,5,1974,Gable,1389,2,1,6,418,240,1389,1389,170000
563,13907,1Story,5,1940,Gable,996,3,1,6,0,144,996,996,108000
564,21780,1.5Fin,6,1918,Gable,1674,4,1,8,396,72,1163,1163,185000
565,13346,2Story,7,1992,Gable,2295,4,1,9,590,0,1095,1166,268000
566,6858,2Story,6,1915,Gable,1647,4,1,6,216,0,806,841,128000
567,11198,2Story,9,2005,Hip,2504,4,1,11,656,144,1122,1134,325000
568,10171,1Story,7,2004,Gable,1535,3,1,7,532,0,1517,1535,214000
569,12327,1.5Fin,8,1983,Gable,2132,1,1,5,612,349,1496,1496,316600
570,7032,SFoyer,5,1979,Gable,943,2,1,4,600,42,943,943,135960
571,13101,1Story,5,1965,Gable,1728,6,2,10,576,0,1728,1728,142600
572,7332,1Story,6,1959,Gable,864,2,1,4,288,168,864,864,120000
573,13159,2Story,7,2009,Gable,1692,3,1,6,650,208,846,846,224500
574,9967,SLvl,7,2000,Gable,1430,3,1,8,400,100,384,774,170000
575,10500,SLvl,5,1971,Gambrel,1109,3,1,5,288,35,372,576,139000
576,8480,1.5Fin,5,1947,Gable,1216,2,1,6,336,158,832,832,118500
577,6292,1.5Fin,7,1928,Gable,1477,3,1,6,216,0,861,877,145000
578,11777,SLvl,5,1966,Gable,1320,3,1,6,564,160,1164,1320,164500
579,3604,2Story,7,2007,Gable,1392,2,1,5,540,0,689,703,146000
580,12150,1.5Fin,5,1954,Gable,1795,4,1,7,352,0,1050,1050,131500
581,14585,1Story,6,1960,Gable,1429,3,1,7,572,216,1144,1429,181900
582,12704,1Story,8,2008,Hip,2042,3,1,8,1390,0,2042,2042,253293
583,11841,SFoyer,6,1990,Gable,816,3,1,5,0,0,816,816,118500
584,13500,2.5Unf,10,1893,Gable,2775,3,1,9,880,105,1237,1521,325000
585,6120,1.5Fin,4,1935,Gable,1573,3,1,6,240,0,884,989,133000
586,11443,1Story,8,2005,Hip,2028,2,1,7,880,326,1868,2028,369900
587,10267,1Story,6,1918,Gable,838,2,1,5,275,0,816,838,130000
588,8740,SFoyer,5,1982,Hip,860,2,1,4,528,0,840,860,137000
589,25095,1Story,5,1968,Flat,1473,1,1,5,452,0,1437,1473,143000
590,9100,1Story,5,1930,Gable,935,2,1,4,308,0,742,779,79500
591,8320,2Story,7,2004,Gable,1582,3,1,6,520,0,770,770,185900
592,13478,2Story,10,2008,Gable,2296,3,1,10,842,382,1722,1728,451950
593,6600,1Story,5,1982,Gable,816,2,1,4,816,0,816,816,138000
594,4435,1Story,6,2003,Gable,848,1,1,4,420,140,848,848,140000
595,7990,1Story,5,1975,Hip,924,3,1,5,280,0,924,924,110000
596,11302,1Story,8,2005,Gable,1826,3,1,7,758,180,1814,1826,319000
597,3600,2Story,6,1910,Gable,1368,3,1,7,216,0,684,684,114504
598,3922,1Story,7,2006,Gable,1402,2,1,7,648,120,1258,1402,194201
599,12984,1Story,5,1977,Gable,1647,3,1,7,621,0,1430,1647,217500
600,1950,2Story,6,1980,Gable,1556,3,1,6,452,161,716,716,151000
601,10927,2Story,8,2005,Gable,1904,3,1,8,736,179,1058,1058,275000
602,9000,1.5Fin,6,1937,Gable,1375,3,1,6,544,0,780,780,141000
603,10041,2Story,8,1992,Gable,1915,3,1,8,506,120,908,927,220000
604,3182,2Story,7,2004,Gable,1200,2,1,4,480,0,600,600,151000
605,12803,1Story,7,2002,Gable,1494,3,1,6,530,192,1494,1494,221000
606,13600,2Story,7,1965,Gable,1986,3,1,7,486,0,768,1186,205000
607,12464,1Story,5,1996,Gable,1040,3,1,6,576,168,1040,1040,152000
608,7800,2Story,5,1948,Gable,2008,3,1,8,230,103,896,1112,225000
609,12168,2Story,8,1934,Gable,3194,4,1,10,380,0,965,1940,359100
610,7943,1Story,4,1961,Gable,1029,3,1,5,261,64,1029,1029,118500
611,11050,2Story,9,2000,Hip,2153,3,1,8,736,253,1440,1476,313000
612,10395,SLvl,6,1978,Gable,1032,3,1,6,564,0,1032,1032,148000
613,11885,2Story,8,2001,Gable,1872,3,1,7,531,160,1299,1299,261500
614,8402,1Story,5,2007,Gable,1120,3,1,6,0,0,1120,1120,147000
615,1491,SFoyer,4,1972,Gable,630,1,1,3,0,96,630,630,75500
616,8800,SFoyer,6,1963,Gable,1054,3,1,6,480,120,936,1054,137500
617,7861,2Story,6,2002,Gable,1509,3,1,7,393,100,783,807,183200
618,7227,1.5Unf,6,1954,Gable,832,2,1,4,528,0,832,832,105500
619,11694,1Story,9,2007,Hip,1828,3,1,9,774,0,1822,1828,314813
620,12244,2Story,8,2003,Hip,2262,4,1,10,749,168,1482,1482,305000
621,8248,1Story,3,1914,Gable,864,2,1,5,0,0,864,864,67000
622,10800,2Story,6,1974,Gable,2614,4,1,9,624,38,1522,1548,240000
623,7064,1Story,5,1977,Gable,980,3,1,6,484,192,980,980,135000
624,2117,2Story,6,2000,Gable,1512,2,1,4,440,0,756,756,168500
625,10400,2Story,6,1972,Gable,1790,4,1,8,484,148,732,1012,165150
626,10000,1Story,6,1962,Hip,1116,3,1,5,440,0,1116,1116,160000
627,12342,1Story,5,1960,Hip,1422,3,1,6,286,0,978,1422,139900
628,9600,SLvl,6,1955,Gable,1520,3,1,7,364,0,1156,1520,153000
629,11606,2Story,5,1969,Gable,2080,5,1,9,504,335,1040,1040,135000
630,9020,SLvl,6,1964,Gable,1350,3,1,6,520,176,1248,1350,168500
631,9000,2Story,5,1880,Gable,1750,3,1,8,240,0,636,1089,124000
632,4590,1Story,8,2006,Gable,1554,2,1,6,627,156,1554,1554,209500
633,11900,1Story,7,1977,Hip,1411,3,1,6,544,192,1386,1411,82500
634,9250,1Story,5,1954,Gable,1056,3,1,6,260,390,1056,1056,139400
635,6979,SFoyer,6,1980,Gable,1056,0,2,4,576,264,1056,1056,144000
636,10896,2.5Fin,6,1914,Hip,3395,8,2,14,0,0,1440,1440,200000
637,6120,1Story,2,1936,Gable,800,1,1,4,0,0,264,800,60000
638,6000,1.5Fin,5,1954,Gable,1387,3,2,7,256,0,811,811,93000
639,8777,1Story,5,1910,Gable,796,2,1,4,0,328,796,796,85000
640,3982,1Story,8,2006,Hip,1567,1,1,7,648,312,1520,1567,264561
641,12677,1Story,8,2003,Hip,1518,1,1,6,588,185,1518,1518,274000
642,7050,2Story,7,2001,Gable,1929,3,1,7,650,0,1057,1057,226000
643,13860,SLvl,8,1972,Gable,2704,4,1,9,538,269,1952,2000,345000
644,10793,2Story,5,1969,Mansard,1620,4,1,7,462,208,780,780,152000
645,9187,1Story,9,2009,Gable,1766,2,1,7,478,195,1766,1766,370878
646,10530,1Story,6,1971,Hip,981,3,1,5,576,0,981,981,143250
647,7200,1Story,5,1950,Hip,1048,3,1,7,420,0,0,1048,98300
648,10452,1Story,6,1953,Hip,1094,3,1,5,495,0,1094,1094,155000
649,7700,2Story,6,1966,Gable,1839,4,1,7,442,0,756,1051,155000
650,1936,SFoyer,4,1970,Gable,630,1,1,3,0,0,630,630,84500
651,8125,2Story,7,2007,Gable,1665,3,1,7,562,0,813,822,205950
652,9084,2Story,4,1940,Gable,1510,4,1,7,296,120,755,755,108000
653,8750,2Story,7,1996,Gable,1716,2,1,7,512,0,880,909,191000
654,10320,1.5Fin,6,1906,Gable,1469,3,1,7,216,57,756,756,135000
655,10437,1Story,8,1995,Hip,2113,2,1,7,839,236,2109,2113,350000
656,1680,2Story,6,1971,Gable,1092,3,1,6,264,0,525,525,88000
657,10007,1Story,5,1959,Gable,1053,3,1,5,312,0,1053,1053,145500
658,7200,2Story,7,1931,Gable,1502,3,1,6,270,0,776,851,149000
659,17503,1.5Fin,6,1948,Gable,1458,3,1,6,330,192,912,912,97500
660,9937,1Story,5,1964,Hip,1486,3,1,7,480,0,1486,1486,167000
661,12384,2Story,7,1976,Gable,1935,3,1,7,550,0,793,1142,197900
662,46589,2Story,8,1994,Hip,2448,4,1,8,711,517,1629,1686,402000
663,13560,1Story,6,1968,Hip,1392,2,1,5,576,0,1392,1392,110000
664,10012,SFoyer,4,1972,Gable,1181,3,1,6,588,0,1138,1181,137500
665,20896,1Story,8,2005,Gable,2097,1,1,8,1134,192,2077,2097,423000
666,11194,2Story,8,2000,Gable,1936,3,1,7,504,188,1406,1454,230500
667,18450,2Story,6,1965,Flat,2380,3,1,7,596,0,1021,1465,129000
668,8125,1Story,6,1994,Gable,1679,3,1,7,575,224,1408,1679,193500
669,14175,1Story,5,1956,Gable,1437,3,1,6,576,304,1188,1437,168000
670,11600,1Story,4,1922,Gable,1180,2,1,5,252,0,700,1180,137500
671,8633,2Story,6,2005,Gable,1476,3,1,7,540,100,738,738,173500
672,6629,2Story,6,1925,Gambrel,1369,3,1,6,300,147,672,697,103600
673,11250,1Story,6,1977,Gable,1208,3,1,6,546,198,1208,1208,165000
674,14442,1Story,6,1957,Hip,1839,3,1,7,416,0,1477,1839,257500
675,9200,1Story,6,1965,Gable,1136,3,1,5,384,426,1136,1136,140000
676,2289,2Story,6,1978,Gable,1441,3,1,7,440,28,855,855,148500
677,9600,2Story,4,1900,Gable,1774,4,2,8,779,0,1095,1095,87000
678,9022,1Story,5,1924,Gable,792,2,1,5,240,316,768,792,109500
679,11844,1Story,8,2008,Hip,2046,3,1,7,834,322,2046,2046,372500
680,9945,1Story,5,1961,Hip,988,3,1,5,572,0,988,988,128500
681,8012,1Story,6,1980,Gable,923,2,1,5,264,80,923,923,143000
682,4500,1.5Fin,5,1932,Gable,1520,3,1,6,281,0,793,848,159434
683,2887,1Story,6,1996,Gable,1291,2,1,6,431,307,1291,1291,173000
684,11248,1Story,9,2002,Hip,1668,3,1,7,702,257,1626,1668,285000
685,16770,2Story,7,1998,Gable,1839,4,1,7,486,0,1195,1195,221000
686,5062,2Story,7,1984,Gable,2090,3,1,6,577,219,1190,1190,207500
687,10207,2Story,7,2007,Gable,1761,3,1,7,578,144,874,874,227875
688,5105,2Story,7,2004,Gable,1102,2,1,4,480,0,551,551,148800
689,8089,1Story,8,2007,Gable,1419,2,1,7,567,140,1419,1419,392000
690,7577,1Story,6,2005,Gable,1362,2,1,6,460,192,1362,1362,194700
691,4426,1Story,6,2004,Gable,848,1,1,3,420,149,848,848,141000
692,21535,2Story,10,1994,Gable,4316,4,1,10,832,382,2444,2444,755000
693,26178,2Story,7,1989,Hip,2519,4,1,9,628,320,1210,1238,335000
694,5400,1Story,5,1921,Gable,1073,2,1,4,326,0,1073,1073,108480
695,6120,1.5Fin,5,1936,Gable,1539,3,1,5,576,112,927,1067,141500
696,13811,1Story,6,1987,Gable,1137,2,1,5,551,125,1112,1137,176000
697,6000,1Story,5,1921,Gable,616,2,1,4,205,0,616,616,89000
698,6420,1Story,5,1952,Gable,1148,2,1,6,308,0,980,1148,123500
699,8450,1Story,5,1965,Gable,894,3,1,5,336,416,894,894,138500
700,4282,1Story,7,2004,Gable,1391,2,1,5,530,156,1391,1391,196000
701,14331,1Story,8,2002,Hip,1800,3,1,7,765,270,1800,1800,312500
702,9600,1Story,7,1969,Hip,1164,3,1,6,528,0,1164,1164,140000
703,12438,2Story,8,2006,Hip,2576,4,1,10,666,324,1234,1264,361919
704,7630,2Story,5,1900,Gable,1812,4,2,8,672,344,360,1032,140000
705,8400,1Story,7,2004,Gable,1484,3,1,7,606,0,1473,1484,213000
706,5600,2Story,4,1930,Hip,1092,3,2,7,0,0,0,372,55000
707,115149,1Story,7,1971,Gable,1824,2,1,5,739,380,1643,1824,302000
708,6240,1Story,8,2006,Hip,1324,2,1,6,550,192,1324,1324,254000
709,9018,2Story,7,2007,Hip,1456,3,1,8,400,100,728,728,179540
710,7162,1Story,5,1966,Gable,904,3,1,6,408,0,876,904,109900
711,4130,1Story,3,1935,Gable,729,2,1,5,0,0,270,729,52000
712,8712,1.5Fin,4,1900,Gable,1178,2,1,7,384,68,859,859,102776
713,4671,1Story,8,1988,Gable,1228,2,1,5,472,168,1228,1228,189000
714,9873,1Story,4,1970,Gable,960,3,1,6,576,0,960,960,129000
715,13517,2Story,6,1976,Gable,1479,3,1,6,475,0,725,725,130500
716,10140,1Story,6,1974,Hip,1350,3,1,7,478,0,1064,1350,165000
717,10800,2Story,7,1890,Gable,2554,3,1,8,704,0,718,1576,159500
718,10000,1Story,5,1973,Gable,1178,3,1,5,439,224,1176,1178,157000
719,10542,2Story,7,1993,Hip,2418,3,1,9,983,250,1311,1325,341000
720,9920,1Story,5,1969,Gable,971,3,1,5,300,0,971,971,128500
721,6563,1Story,8,1985,Gable,1742,2,1,5,564,114,1742,1742,275000
722,4426,1Story,6,2004,Gable,848,1,1,3,420,160,848,848,143000
723,8120,1Story,4,1970,Gable,864,3,1,5,463,0,864,864,124500
724,8172,1.5Fin,4,1954,Gable,1470,4,1,7,548,0,941,997,135000
725,13286,1Story,9,2007,Hip,1698,3,1,8,768,327,1698,1698,320000
726,6960,1Story,4,1970,Gable,864,3,1,5,660,96,864,864,120500
727,21695,1Story,6,1988,Hip,1680,3,1,5,540,292,880,1680,222000
728,7314,1Story,7,2007,Gable,1232,2,1,6,632,132,1232,1232,194500
729,11475,1Story,5,1958,Gable,1776,4,2,9,888,0,1584,1776,110000
730,6240,1.5Fin,4,1925,Gable,1208,2,1,5,539,0,780,848,103000
731,5389,1Story,8,1995,Gable,1616,2,1,5,608,237,1595,1616,236500
732,9590,SLvl,7,2003,Gable,1146,3,1,6,438,160,868,1146,187500
733,11404,2Story,7,1998,Gable,2031,3,1,8,541,192,1153,1153,222500
734,10000,1Story,5,1961,Hip,1144,3,1,6,264,165,864,1144,131400
735,8978,1Story,5,1968,Gable,948,3,1,6,300,147,948,948,108000
736,10800,2.5Unf,7,1914,Gable,1768,2,1,6,320,0,880,880,163000
737,8544,1Story,3,1950,Gable,1040,2,2,6,400,0,0,1040,93500
738,10463,2Story,8,2005,Gable,1801,3,1,8,800,0,893,901,239900
739,10800,1Story,5,1987,Gable,1200,3,1,5,0,120,1200,1200,179000
740,9313,2Story,7,2004,Gable,1728,3,1,7,572,187,864,864,190000
741,9600,2Story,5,1910,Gable,1432,2,1,7,360,270,264,768,132000
742,6768,1Story,6,1961,Hip,912,3,1,5,288,168,912,912,142000
743,8450,1Story,7,2000,Gable,1349,3,1,6,539,120,1349,1349,179000
744,12886,SLvl,5,1963,Gable,1464,3,1,6,480,302,520,1464,175000
745,5395,1Story,8,1993,Gable,1337,2,1,5,462,96,1337,1337,180000
746,8963,2Story,8,1976,Hip,2715,4,1,11,831,0,1142,1175,299800
747,8795,2Story,7,2000,Gable,2256,4,1,8,554,224,952,980,236000
748,11700,2Story,7,1880,Mansard,2640,4,1,8,864,181,1240,1320,265979
749,10593,1Story,7,1996,Hip,1720,3,1,7,527,240,1720,1720,260400
750,8405,1.5Fin,4,1945,Gable,1529,4,1,9,240,92,0,1088,98000
751,8800,1.5Fin,4,1910,Gable,1140,3,1,7,0,0,576,792,96500
752,7750,2Story,7,2003,Gable,1320,3,1,6,400,0,660,660,162000
753,9236,1Story,6,1997,Gable,1494,3,1,6,576,168,1479,1494,217000
754,10240,2Story,8,2005,Gable,2098,3,1,8,878,192,1030,1038,275500
755,7930,1Story,6,1969,Gable,1026,3,1,5,440,171,1026,1026,156000
756,3230,2Story,6,1999,Gable,1471,3,1,6,440,0,729,742,172500
757,10769,2Story,8,2007,Gable,1768,3,1,7,578,144,866,866,212000
758,11616,2Story,6,1978,Hip,1386,3,1,6,440,335,672,672,158900
759,2280,2Story,7,1999,Gable,1501,3,1,6,440,0,744,757,179400
760,12257,2Story,8,1995,Gable,2531,4,1,9,752,222,1318,1328,290000
761,9100,1Story,6,1959,Hip,864,2,1,5,300,0,864,864,127500
762,6911,1Story,5,1924,Gable,1301,2,1,5,440,0,1145,1301,100000
763,8640,2Story,7,2009,Gable,1547,3,1,7,614,169,756,764,215200
764,9430,2Story,8,1999,Gable,2365,3,1,8,856,0,1252,1268,337000
765,9549,1Story,8,1995,Hip,1494,2,1,6,481,0,1494,1494,270000
766,14587,1Story,9,2008,Gable,1506,2,1,6,592,0,1498,1506,264132
767,10421,2Story,7,1988,Gable,1714,3,1,7,496,228,980,980,196500
768,12508,1.5Fin,6,1940,Gable,1750,4,1,7,423,245,983,983,160000
769,9100,1Story,7,2004,Hip,1836,3,1,8,484,120,1860,1836,216837
770,53504,2Story,8,2003,Hip,3279,4,1,12,841,503,1650,1690,538000
771,7252,SFoyer,5,1982,Hip,858,2,1,5,576,120,858,858,134900
772,8877,1Story,4,1951,Gable,1220,2,1,6,396,0,836,1220,102000
773,7819,SLvl,6,1976,Gable,1117,3,1,6,672,144,1029,1117,107000
774,10150,1Story,5,1958,Gable,912,2,1,5,275,0,912,912,114500
775,14226,1Story,8,2006,Hip,1973,3,1,9,895,315,1935,1973,395000
776,4500,1Story,6,1998,Hip,1204,2,1,5,412,0,1204,1204,162000
777,11210,1Story,7,2005,Gable,1614,3,1,7,865,144,1614,1614,221500
778,13350,1Story,5,1974,Hip,894,3,1,5,440,241,864,894,142500
779,8400,1Story,5,1977,Gable,2020,4,2,10,630,0,0,2020,144000
780,10530,SFoyer,6,1977,Gable,1004,2,1,4,504,0,975,1004,135000
781,7875,1Story,7,1995,Gable,1253,3,1,6,402,220,1237,1253,176000
782,7153,2Story,6,1992,Gable,1603,3,1,7,484,0,761,810,175900
783,16285,1Story,7,2001,Gable,1430,3,1,6,605,0,1413,1430,187100
784,9101,SFoyer,5,1978,Gable,1110,1,1,4,602,303,1097,1110,165500
785,6300,2.5Unf,6,1914,Gable,1484,3,1,9,0,0,742,742,128000
786,9790,1Story,6,1967,Gable,1342,3,1,7,457,0,1372,1342,161500
787,10800,1.5Fin,5,1915,Gable,1652,4,1,7,416,0,686,966,139000
788,10142,2Story,7,2004,Gable,2084,4,1,8,618,0,956,956,233000
789,6000,1Story,4,1954,Gable,901,2,1,4,281,0,901,901,107900
790,12205,2Story,6,1966,Gable,2087,5,1,9,444,133,832,976,187500
791,3182,1Story,7,2005,Gable,1145,2,1,5,397,100,1145,1145,160200
792,11333,SLvl,6,1976,Gable,1062,3,1,5,539,120,1029,1062,146800
793,9920,2Story,7,1996,Gable,2013,3,1,8,455,180,1117,1127,269790
794,9158,1Story,8,2007,Gable,1496,3,1,7,474,168,1496,1496,225000
795,10832,2Story,7,1994,Gable,1895,3,1,7,409,143,712,1086,194500
796,8400,2Story,6,1980,Gable,1564,3,1,7,476,0,650,888,171000
797,8197,1Story,6,1977,Gable,1285,3,1,7,528,138,660,1285,143500
798,7677,1Story,5,1953,Gable,773,2,1,4,240,0,773,773,110000
799,13518,2Story,9,2008,Hip,3140,4,1,11,820,144,1926,1966,485000
800,7200,1.5Fin,5,1937,Gable,1768,3,1,7,240,0,731,981,175000
801,12798,2Story,6,1997,Gable,1688,4,1,8,603,403,616,616,200000
802,4800,1Story,4,1916,Gable,1196,2,1,5,440,0,1196,1196,109900
803,8199,2Story,7,2005,Gable,1456,3,1,7,410,36,728,728,189000
804,13891,2Story,9,2008,Hip,2822,4,1,12,1020,52,1734,1734,582933
805,9000,1Story,5,1954,Gable,1128,2,1,5,286,0,936,1128,118000
806,12274,1Story,7,2008,Gable,1428,3,1,6,554,0,1417,1428,227680
807,9750,SLvl,5,1967,Gable,980,3,1,6,384,68,980,980,135500
808,21384,2Story,5,1923,Gable,1576,3,1,6,528,0,1324,1072,223500
809,13400,SLvl,5,1966,Gable,1086,3,1,6,484,0,1024,1086,159950
810,8100,2.5Unf,5,1898,Hip,2138,2,3,11,360,40,849,1075,106000
811,10140,1Story,6,1974,Hip,1309,3,1,5,484,265,1040,1309,181000
812,4438,1Story,6,2004,Gable,848,1,1,4,420,140,848,848,144500
813,8712,1Story,5,1952,Hip,1044,2,1,4,504,0,540,1044,55993
814,9750,1Story,6,1958,Gable,1442,4,1,7,301,0,1442,1442,157900
815,8248,1.5Fin,5,1918,Gable,1250,3,1,7,280,207,686,686,116000
816,12137,1Story,7,1998,Gable,1661,3,1,6,598,0,1649,1661,224900
817,11425,1Story,5,1954,Gable,1008,2,1,4,275,0,1008,1008,137000
818,13265,1Story,8,2002,Hip,1689,3,1,7,857,150,1568,1689,271000
819,8816,SLvl,6,1971,Gable,1052,3,1,6,440,0,1010,1052,155000
820,6371,1Story,7,2009,Gable,1358,2,1,6,484,192,1358,1358,224000
821,7226,2Story,7,2003,Gable,1640,3,1,6,595,0,798,798,183000
822,6000,1Story,4,1953,Gable,936,2,1,4,576,0,936,936,93000
823,12394,2Story,7,2003,Gable,1733,3,1,7,433,100,847,847,225000
824,9900,1.5Fin,6,1940,Gable,1489,3,1,7,240,335,778,944,139500
825,11216,1Story,8,2006,Gable,1489,3,1,7,776,0,1489,1489,232600
826,14803,1Story,10,2007,Hip,2084,2,1,7,1220,188,2078,2084,385000
827,6130,1.5Unf,5,1924,Gable,784,2,1,5,0,0,784,784,109500
828,8529,1Story,7,2001,Gable,1434,3,1,6,527,290,1454,1434,189000
829,28698,2Story,5,1967,Flat,2126,3,1,7,538,486,1013,1160,185000
830,2544,2Story,7,2005,Gable,1223,2,1,4,480,0,600,520,147400
831,11900,1Story,6,1957,Gable,1392,3,1,6,458,0,1392,1392,166000
832,3180,2Story,7,2005,Gable,1200,2,1,4,480,0,600,520,151000
833,9548,2Story,7,2003,Gable,1829,3,1,7,613,192,941,941,237000
834,10004,1Story,6,1964,Gable,1516,3,1,6,472,0,1516,1516,167000
835,7875,1Story,5,1961,Gable,1144,3,1,6,456,0,1144,1144,139950
836,9600,1Story,4,1950,Gable,1067,2,1,4,436,290,1067,1067,128000
837,8100,1Story,5,1948,Gable,1559,2,1,5,812,0,1559,1559,153500
838,1680,2Story,6,1973,Gable,987,2,1,5,264,0,483,483,100000
839,9525,1Story,5,1995,Gable,1099,3,1,6,352,278,1099,1099,144000
840,11767,1.5Fin,5,1946,Gable,1200,3,1,6,240,0,768,768,130500
841,12155,2Story,6,1925,Gable,1482,4,1,7,400,0,672,810,140000
842,10440,2Story,5,1904,Gable,1539,3,1,8,686,70,650,958,157500
843,9020,SLvl,6,1966,Gable,1165,3,1,6,490,0,1127,1165,174900
844,8000,1Story,5,1961,Gable,1800,6,2,10,0,0,1800,1800,141000
845,12665,1.5Fin,5,1915,Gable,1416,4,1,7,720,418,876,876,153900
846,16647,SFoyer,5,1975,Gable,1701,3,1,6,611,0,1390,1701,171000
847,9317,2Story,7,1993,Gable,1775,3,1,7,425,234,740,1006,213000
848,15523,1Story,5,1972,Gable,864,3,1,5,338,0,864,864,133500
849,45600,1.5Fin,6,1908,Gable,2358,5,1,10,360,486,907,1307,240000
850,9600,SLvl,6,1976,Hip,1855,3,1,7,512,113,528,1094,187000
851,4435,1Story,6,2003,Gable,848,1,1,3,420,140,848,848,131500
852,3196,1Story,8,2003,Gable,1456,2,1,7,400,143,1273,1456,215000
853,7128,2.5Unf,7,1941,Gable,1646,4,1,7,240,0,918,918,164000
854,12095,SLvl,6,1964,Gable,1445,3,1,7,645,180,1127,1445,158000
855,17920,1Story,5,1955,Hip,1779,3,1,6,454,0,1763,1779,170000
856,6897,1Story,5,1962,Gable,1040,3,1,6,260,0,1040,1040,127000
857,10970,SLvl,6,1978,Gable,1026,3,1,5,576,0,940,1026,147000
858,8125,2Story,6,1994,Gable,1481,3,1,6,343,0,702,702,174000
859,10400,1Story,7,1976,Gable,1370,3,1,6,479,0,1090,1370,152000
860,11029,2Story,6,1968,Gable,2654,4,1,9,619,0,1054,1512,250000
861,7642,1.5Fin,7,1918,Gable,1426,3,1,7,216,0,912,912,189950
862,11625,1Story,5,1965,Hip,1039,3,1,6,504,0,1039,1039,131500
863,9672,1Story,6,1984,Hip,1097,3,1,6,480,0,1040,1097,152000
864,7931,1Story,5,1959,Hip,1148,3,1,6,672,0,1148,1148,132500
865,8640,1Story,7,2007,Gable,1372,3,1,6,529,0,1372,1372,250580
866,8750,1Story,5,1970,Gable,1002,3,1,5,902,0,1002,1002,148500
867,10656,1Story,8,2006,Gable,1646,3,1,6,870,192,1638,1646,248900
868,6970,1Story,4,1961,Gable,1120,3,1,5,544,168,1040,1120,129000
869,14762,2Story,5,1948,Gable,2320,2,1,7,672,120,0,1547,169000
870,9938,2Story,7,1993,Gable,1949,3,1,8,574,156,1050,1062,236000
871,6600,1Story,5,1962,Hip,894,2,1,5,308,0,894,894,109500
872,8750,2Story,6,1998,Gable,1682,3,1,7,523,0,804,804,200500
873,8892,1Story,5,1953,Gable,910,3,1,5,414,196,105,910,116000
874,12144,1Story,5,1949,Gable,1268,3,1,6,288,0,832,1036,133000
875,5720,1.5Fin,5,1941,Gable,1131,3,1,5,200,26,676,676,66500
876,9000,2Story,8,2007,Gable,2610,4,1,11,550,208,1184,1184,303477
877,25286,1Story,4,1963,Gable,1040,3,1,5,648,0,1064,1040,132250
878,8834,2Story,9,2004,Hip,2224,4,1,10,738,184,1462,1462,350000
879,11782,SFoyer,5,1961,Gable,1155,3,1,6,576,192,1109,1155,148000
880,7000,1Story,5,1978,Gable,864,3,1,6,336,0,864,864,136500
881,7024,1Story,5,2005,Gable,1090,2,1,5,450,0,1090,1090,157000
882,13758,1.5Fin,7,1990,Gable,1717,3,1,7,400,168,1156,1187,187500
883,9636,2Story,6,1992,Gable,1593,3,1,7,389,342,808,808,178000
884,6204,2.5Fin,4,1912,Gable,2230,5,1,10,440,0,795,954,118500
885,7150,1Story,5,1967,Gable,892,3,1,5,288,0,892,892,100000
886,5119,1Story,9,1999,Gable,1709,2,1,5,506,97,1698,1709,328900
887,8393,1Story,5,1959,Gable,1712,4,2,8,588,272,1626,1712,145000
888,16466,1.5Fin,5,1955,Gable,1393,3,1,8,300,121,816,872,135500
889,15865,1Story,8,1970,Flat,2217,4,1,8,621,81,2217,2217,268000
890,12160,1Story,6,1953,Hip,1505,2,1,6,505,0,1505,1505,149500
891,8064,1.5Fin,5,1949,Gable,924,3,1,6,576,0,672,672,122900
892,11184,2Story,6,1978,Hip,1683,3,1,7,440,243,918,918,172500
893,8414,1Story,6,1963,Hip,1068,3,1,6,264,192,1059,1068,154500
894,13284,1Story,5,1954,Gable,1383,3,1,6,354,511,1383,1383,165000
895,7018,1Story,5,1979,Gable,1535,4,2,8,400,0,0,1535,118858
896,7056,2Story,6,1963,Hip,1796,4,1,8,483,0,780,983,140000
897,8765,1Story,4,1936,Gable,951,2,1,6,327,0,951,951,106500
898,7018,2Story,5,1979,Gable,2240,6,2,12,528,154,0,1120,142953
899,12919,1Story,9,2009,Hip,2364,2,1,11,820,0,2330,2364,611657
900,6993,1Story,5,1961,Gable,1236,3,1,6,288,0,912,1236,135000
901,7340,1Story,4,1971,Gable,858,2,1,4,684,0,858,858,110000
902,8712,1Story,5,1957,Hip,1306,2,1,5,756,0,992,1306,153000
903,7875,2Story,7,2003,Gable,1509,3,1,8,393,0,783,807,180000
904,14859,1Story,7,2006,Hip,1670,3,1,7,690,144,1670,1670,240000
905,6173,1Story,5,1967,Gable,902,3,1,6,288,0,876,902,125500
906,9920,1Story,5,1954,Gable,1063,3,1,6,280,0,1056,1063,128000
907,13501,1Story,8,2006,Gable,1636,3,1,8,865,0,1623,1636,255000
908,11500,1.5Fin,7,1936,Gable,2057,3,1,6,180,0,1017,1020,250000
909,8885,1Story,5,1983,Gable,902,2,1,5,484,164,864,902,131000
910,12589,2Story,6,2005,Gable,1484,3,1,8,390,36,742,742,174000
911,11600,2Story,5,1960,Gable,2274,5,2,12,480,0,1105,1105,154300
912,9286,1Story,5,1977,Gable,1268,3,1,5,252,173,1268,1268,143500
913,6120,1Story,5,1925,Gable,1015,3,1,6,450,0,768,1015,88000
914,6270,2Story,5,1949,Gable,2002,4,2,8,871,0,1001,1001,145000
915,3000,2Story,6,2009,Gable,1224,2,1,4,528,0,612,612,173733
916,2001,2Story,4,1970,Gable,1092,3,1,6,286,0,546,546,75000
917,9000,1Story,2,1949,Gable,480,1,1,4,308,0,480,480,35311
918,17140,1Story,4,1956,Gable,1229,3,1,6,284,0,1134,1229,135000
919,13125,2Story,7,1991,Gable,2127,4,1,8,833,72,1104,912,238000
920,11029,1Story,6,1958,Hip,1414,3,1,6,601,0,1184,1414,176500
921,8462,2Story,6,1994,Gable,1721,3,1,7,471,300,928,936,201000
922,8777,1.5Fin,5,1900,Gable,2200,4,2,9,0,0,1272,1272,145900
923,10237,1Story,6,2005,Gable,1316,3,1,6,397,100,1316,1316,169990
924,8012,1Story,6,1993,Gable,1617,2,1,5,533,0,1604,1617,193000
925,10240,1Story,6,1980,Gable,1686,3,1,7,612,384,1686,1686,207500
926,15611,1Story,5,1977,Gable,1126,3,1,6,540,180,1126,1126,175000
927,11999,2Story,8,2003,Hip,2374,4,1,10,656,104,1181,1234,285000
928,9900,2Story,7,1968,Gable,1978,4,1,9,486,0,832,1098,176000
929,11838,1Story,8,2001,Hip,1788,3,1,7,522,202,1753,1788,236500
930,13006,2Story,7,1997,Gable,2236,4,1,8,642,0,964,993,222000
931,8925,1Story,8,2007,Gable,1466,3,1,7,610,100,1466,1466,201000
932,9100,1Story,5,1965,Gable,925,2,1,5,429,0,925,925,117500
933,11670,1Story,9,2006,Hip,1905,3,1,8,788,0,1905,1905,320000
934,8487,1Story,7,2004,Gable,1500,3,1,6,570,192,1500,1500,190000
935,27650,1Story,7,1960,Flat,2069,4,1,9,505,0,585,2069,242000
936,5825,1Story,4,1926,Gable,747,1,1,5,528,0,600,747,79900
937,10083,1Story,7,2003,Gable,1200,2,1,5,555,0,1176,1200,184900
938,9675,2Story,7,2005,Gable,1971,3,1,8,689,0,1113,1113,253000
939,8760,2Story,7,2006,Gable,1962,3,1,7,868,0,1391,1391,239799
940,24090,2Story,7,1940,Gable,2403,4,1,10,349,56,1032,1207,244400
941,12640,1Story,6,1976,Gable,1728,4,2,8,574,40,1728,1728,150900
942,8755,2Story,7,1999,Gable,2060,3,1,8,390,0,992,1022,214000
943,7711,1Story,4,1977,Gable,1440,4,2,8,0,321,1440,1440,150000
944,25000,1Story,5,1967,Gable,1632,4,2,8,576,0,1632,1632,143000
945,14375,SLvl,6,1958,Gable,1344,3,1,7,525,0,819,1344,137500
946,8820,1.5Fin,5,1890,Hip,1869,2,1,7,456,48,1088,1188,124900
947,8163,SLvl,5,1959,Gable,1144,3,1,6,796,86,1144,1144,143000
948,14536,1Story,8,2002,Hip,1629,3,1,9,808,0,1616,1629,270000
949,14006,2Story,7,2002,Gable,1776,3,1,7,474,144,936,936,192500
950,9360,1Story,6,1972,Hip,1381,3,1,5,676,0,1161,1381,197500
951,7200,1Story,5,1950,Gable,864,3,1,5,720,194,864,864,129000
952,7800,1Story,5,1965,Gable,965,3,1,6,300,421,828,965,119900
953,7200,SFoyer,5,1972,Gable,768,2,1,5,396,192,768,768,133900
954,11075,2Story,5,1969,Gable,1968,4,1,7,530,305,784,1168,172000
955,9400,SFoyer,6,1975,Flat,980,4,0,4,0,0,945,980,127500
956,7136,2Story,6,1946,Gable,1958,4,2,8,492,0,979,979,145000
957,1300,2Story,6,1980,Gable,1229,2,1,5,462,150,561,561,124000
958,7420,1Story,5,1962,Hip,1057,3,1,6,576,0,1057,1057,132000
959,8450,1Story,7,2003,Gable,1337,3,1,6,531,0,1337,1337,185000
960,2572,2Story,7,1999,Hip,1416,3,1,6,484,0,696,696,155000
961,7207,1Story,5,1958,Gable,858,2,1,4,0,117,858,858,116500
962,12227,2Story,6,1977,Gable,2872,4,1,11,619,550,1330,1542,272000
963,2308,2Story,6,1976,Gable,1548,3,1,7,440,48,804,804,155000
964,11923,1Story,9,2007,Gable,1800,2,1,7,702,288,1800,1800,239000
965,11316,2Story,7,2002,Gable,1894,4,1,8,510,0,817,824,214900
966,10237,2Story,6,2005,Gable,1484,3,1,8,393,0,783,783,178900
967,9600,1.5Fin,5,1940,Gable,1308,2,1,7,256,0,728,976,160000
968,7390,1Story,5,1955,Hip,1098,3,1,6,260,0,1098,1098,135000
969,5925,1.5Fin,3,1910,Gable,968,2,1,6,0,0,600,600,37900
970,10382,SLvl,6,1958,Hip,1095,2,1,6,264,0,588,1095,140000
971,10800,1.5Fin,4,1949,Gable,1192,4,1,6,0,0,720,720,135000
972,2268,2Story,7,2003,Gable,1626,2,1,6,474,0,764,764,173000
973,7892,1Story,6,1979,Gable,918,2,1,5,264,28,918,918,99500
974,11639,1Story,7,2007,Gable,1428,3,1,6,480,0,1428,1428,182000
975,11414,2Story,7,1910,Gable,2019,3,1,8,532,509,728,1136,167500
976,2651,2Story,7,2000,Gable,1382,3,1,6,490,153,673,673,165000
977,5900,1Story,4,1923,Gable,869,2,1,4,0,0,440,869,85500
978,4274,1Story,7,2006,Gable,1241,1,1,4,569,0,1241,1241,199900
979,9450,1Story,4,1954,Gable,894,3,1,5,400,0,894,894,110000
980,8816,1Story,5,1963,Gable,1121,3,1,5,480,0,1121,1121,139000
981,12122,SFoyer,7,1961,Gable,999,3,1,6,588,144,944,999,178400
982,12203,2Story,8,1998,Hip,2612,4,1,8,676,250,1225,1276,336000
983,3182,1Story,7,2007,Gable,1266,2,1,6,388,100,1266,1266,159895
984,11250,2Story,8,2002,Gable,2290,4,1,9,779,0,1128,1149,255900
985,10125,1.5Fin,5,1977,Gable,1734,4,2,8,539,0,0,1302,126000
986,10880,1Story,5,1950,Gable,1164,3,1,5,240,0,1164,1164,125000
987,5310,1.5Fin,6,1910,Hip,1635,2,1,5,255,394,485,1001,117000
988,10159,1Story,9,2009,Hip,1940,3,1,8,606,168,1930,1940,395192
989,12046,2Story,6,1976,Gable,2030,4,1,8,551,0,848,1118,195000
990,8125,2Story,7,2006,Gable,1576,3,1,6,614,0,770,778,197000
991,9452,2Story,8,1997,Gable,2392,3,1,7,870,0,1396,1407,348000
992,17671,2Story,8,1882,Gable,1742,4,1,8,424,0,916,916,168000
993,9760,2Story,6,1964,Hip,1851,3,1,7,440,239,822,1020,187000
994,8846,2Story,6,2005,Gable,1500,3,1,6,564,0,750,750,173900
995,12456,1Story,10,2006,Hip,1718,3,1,7,786,216,1700,1718,337500
996,4712,1.5Fin,4,1946,Gable,1230,3,1,5,305,0,747,774,121600
997,10659,1Story,5,1961,Hip,1050,3,1,6,368,0,1050,1050,136500
998,11717,1Story,6,1970,Hip,1442,2,1,6,615,371,1442,1442,185000
999,9786,1Story,3,1922,Hip,1077,3,1,6,210,0,1007,1077,91000
1000,6762,1Story,7,2006,Gable,1208,2,1,6,632,105,1187,1208,206000
1001,10206,1Story,3,1952,Flat,944,2,1,4,528,0,0,944,82000
1002,5400,1Story,5,1920,Gable,691,2,1,4,216,0,691,691,86000
1003,11957,1Story,8,2006,Gable,1574,3,1,7,824,144,1574,1574,232000
1004,11500,1Story,5,1976,Gable,1680,4,2,8,528,0,1680,1680,136905
1005,3182,1Story,7,2005,Gable,1504,1,1,7,457,156,1346,1504,181000
1006,8385,SLvl,5,1977,Gable,985,3,1,6,328,210,985,985,149900
1007,12155,1Story,6,1970,Gable,1657,3,1,7,484,0,1657,1657,163500
1008,2217,2Story,4,1970,Gable,1092,3,1,6,286,238,546,546,88000
1009,12118,1Story,7,2004,Hip,1710,3,1,7,550,100,1710,1710,240000
1010,6000,1.5Fin,5,1926,Gable,1522,4,1,7,0,0,1008,1008,102000
1011,21286,1.5Fin,5,1948,Gable,1271,4,1,7,312,0,720,720,135000
1012,9825,1Story,5,1965,Hip,1664,4,2,8,0,0,0,1664,100000
1013,10592,2Story,6,1923,Hip,1502,3,1,7,180,96,602,900,165000
1014,7200,1Story,5,1910,Hip,1022,2,1,4,280,0,1022,1022,85000
1015,11664,1Story,6,1948,Gable,1082,2,1,5,240,0,1082,1082,119200
1016,8400,2Story,8,2001,Gable,1665,3,1,6,528,0,810,810,227000
1017,11883,1Story,7,1996,Hip,1504,3,1,6,478,115,1504,1504,203000
1018,5814,1Story,8,1984,Gable,1360,1,1,4,565,63,1220,1360,187500
1019,10784,SLvl,7,1991,Gable,1472,3,1,7,402,164,384,802,160000
1020,3013,1Story,7,2005,Gable,1506,2,1,6,440,142,1362,1506,213490
1021,7024,1Story,4,2005,Gable,1132,2,1,5,451,252,1132,1132,176000
1022,7406,1Story,7,2006,Gable,1220,2,1,6,632,105,1199,1220,194000
1023,9439,1.5Fin,5,1930,Gable,1248,2,1,6,160,0,912,912,87000
1024,3182,1Story,7,2005,Gable,1504,2,1,7,437,156,1346,1504,191000
1025,15498,1Story,8,1976,Hip,2898,2,1,10,665,0,1565,2898,287000
1026,7700,1Story,5,1972,Gable,882,3,1,5,461,96,882,882,112500
1027,9300,1Story,5,1960,Gable,1264,3,1,6,461,0,1268,1264,167500
1028,9520,1Story,8,2007,Gable,1646,3,1,7,800,192,1638,1646,293077
1029,9492,1.5Fin,5,1941,Gable,1376,3,1,6,240,0,768,968,105000
1030,1680,2Story,6,1972,Gable,1218,3,1,7,264,0,672,672,118000
1031,7082,2Story,5,1916,Gable,1928,5,2,10,0,0,686,948,160000
1032,15863,2.5Fin,7,1920,Gable,3082,5,1,12,672,136,824,1687,197000
1033,14541,2Story,8,1993,Gable,2520,5,1,10,796,209,1338,1352,310000
1034,8125,1Story,7,2002,Gable,1654,3,1,6,900,0,1654,1654,230000
1035,6305,1Story,5,1938,Gable,954,2,1,5,240,0,920,954,119750
1036,11500,1Story,4,1957,Gable,845,3,1,5,290,186,0,845,84000
1037,12898,1Story,9,2007,Hip,1620,2,1,6,912,228,1620,1620,315500
1038,9240,2Story,8,2001,Gable,2263,3,1,7,905,0,1055,1055,287000
1039,1533,2Story,4,1970,Gable,1344,3,1,6,0,0,546,798,97000
1040,1477,SFoyer,4,1970,Gable,630,1,1,3,286,0,630,630,80000
1041,13125,1Story,5,1957,Gable,1803,3,1,8,484,0,1134,1803,155000
1042,9130,2Story,6,1966,Hip,1632,4,1,7,484,0,800,800,173000
1043,5381,1Story,6,2005,Gable,1306,1,1,5,624,170,1306,1306,196000
1044,11839,2Story,7,1990,Hip,2329,4,1,10,514,192,1475,1532,262280
1045,9600,1Story,8,1981,Hip,2524,4,1,9,542,474,2524,2524,278000
1046,13680,1Story,3,1955,Hip,1733,4,1,8,452,0,0,1733,139600
1047,16056,2Story,9,2005,Hip,2868,4,1,11,716,214,1992,1992,556581
1048,9245,1Story,5,1994,Gable,990,3,1,5,672,0,990,990,145000
1049,21750,1Story,5,1960,Hip,1771,3,1,9,336,0,0,1771,115000
1050,11100,1Story,4,1946,Gable,930,2,1,6,308,0,0,930,84900
1051,8993,1Story,7,2007,Gable,1302,3,1,6,436,0,1302,1302,176485
1052,11175,1Story,7,2007,Gable,1316,3,1,6,440,0,1316,1316,200141
1053,9500,2Story,6,1964,Gable,1977,4,1,9,540,0,816,1127,165000
1054,8562,1Story,5,1957,Hip,1526,4,1,7,364,116,1216,1526,144500
1055,11367,2Story,8,2002,Gable,1989,3,1,7,586,199,1065,1091,255000
1056,11361,1Story,6,1976,Gable,1523,3,1,7,478,0,1193,1523,180000
1057,7052,1Story,7,2005,Gable,1364,2,1,6,484,192,1364,1364,185850
1058,29959,2Story,7,1994,Gable,1850,3,1,7,467,168,973,979,248000
1059,11308,2Story,9,2008,Gable,2184,3,1,10,836,0,1104,1130,335000
1060,11275,1.5Fin,6,1932,Gable,1991,3,1,7,432,0,854,1096,220000
1061,4920,1Story,8,2001,Gable,1338,2,1,6,582,0,1338,1338,213500
1062,18000,1Story,3,1935,Gable,894,2,1,6,1248,0,894,894,81000
1063,13600,2Story,5,1900,Gable,2337,5,2,10,560,0,662,1422,90000
1064,6000,1Story,6,1925,Gable,1103,2,1,5,440,166,1103,1103,110500
1065,11000,1Story,5,1966,Gable,1154,3,1,6,480,0,1154,1154,154000
1066,14000,2Story,7,1996,Gable,2260,3,1,7,533,296,1306,1306,328000
1067,7837,2Story,6,1993,Gable,1571,3,1,7,380,0,799,799,178000
1068,9760,2Story,6,1964,Gable,1611,4,1,7,442,328,780,798,167900
1069,3964,2Story,6,1973,Gable,2521,5,1,10,576,728,942,1291,151400
1070,9600,1.5Unf,5,1949,Gable,893,2,1,4,576,0,845,893,135000
1071,10152,1Story,5,1956,Hip,1048,3,1,6,286,0,1048,1048,135000
1072,11700,2Story,6,1968,Gable,1556,4,1,8,441,0,727,829,154000
1073,7585,1.5Fin,5,1948,Gable,1456,4,1,7,280,0,810,1002,91500
1074,7950,2Story,6,1977,Hip,1426,3,1,6,440,252,690,698,159500
1075,8556,1Story,7,2006,Gable,1240,2,1,5,826,140,1240,1240,194000
1076,13125,2Story,7,1940,Gable,1740,3,1,6,240,0,800,960,219500
1077,10800,1.5Fin,5,1936,Gable,1466,3,1,7,566,436,796,1096,170000
1078,15870,1Story,5,1969,Gable,1096,3,1,6,299,240,1096,1096,138800
1079,4435,1Story,6,2004,Gable,848,1,1,3,420,140,848,848,155900
1080,8775,1Story,5,1994,Gable,990,3,1,5,299,0,990,990,126000
1081,11040,1Story,6,1971,Gable,1258,3,1,5,528,55,1258,1258,145000
1082,7500,1Story,5,1963,Gable,1040,3,1,5,308,0,1040,1040,133000
1083,8749,1Story,7,2002,Gable,1459,3,1,6,527,192,1459,1459,192000
1084,8800,1Story,6,1964,Hip,1251,3,1,6,461,0,1251,1251,160000
1085,13031,2Story,6,1995,Gable,1498,3,1,6,409,315,691,691,187500
1086,9069,SFoyer,6,1992,Gable,996,2,1,5,564,120,936,996,147000
1087,1974,2Story,4,1973,Gable,1092,3,1,6,286,120,546,546,83500
1088,10574,2Story,8,2005,Gable,1953,3,1,9,1043,160,1082,1082,252000
1089,2522,2Story,7,2004,Gable,1709,3,1,7,380,0,970,970,137500
1090,3316,1Story,8,2005,Gable,1247,1,1,4,550,0,1247,1247,197000
1091,8544,1Story,3,1950,Gable,1040,2,2,6,400,0,0,1040,92900
1092,2160,2Story,7,1999,Gable,1252,2,1,4,462,0,600,624,160000
1093,8400,1.5Fin,6,1925,Gable,1694,4,1,7,576,342,1181,1390,136500
1094,9230,1Story,5,1965,Hip,1200,1,1,6,884,0,864,1200,146000
1095,5868,1Story,5,1956,Gable,936,2,1,4,308,0,936,936,129000
1096,9317,1Story,6,2006,Gable,1314,3,1,6,440,0,1314,1314,176432
1097,6882,2Story,6,1914,Gable,1355,3,1,7,0,136,684,773,127000
1098,3696,1Story,8,1986,Gable,1088,2,1,5,461,0,1074,1088,170000
1099,6000,1.5Fin,4,1936,Gable,1324,3,1,6,240,0,672,757,128000
1100,11880,1Story,7,1978,Gable,1601,3,1,7,478,0,1271,1601,157000
1101,8400,1Story,2,1920,Gable,438,1,1,3,246,0,290,438,60000
1102,9758,1Story,5,1971,Gable,950,3,1,5,280,0,950,950,119500
1103,7000,1Story,5,1960,Gable,1134,2,1,6,254,0,1010,1134,135000
1104,8910,1Story,6,1959,Hip,1194,3,1,6,539,0,655,1194,159500
1105,2016,2Story,5,1970,Gable,1302,3,1,6,440,0,630,630,106000
1106,12256,2Story,8,1994,Gable,2622,3,1,9,712,186,1463,1500,325000
1107,10357,1Story,7,1990,Hip,1442,3,1,6,719,0,910,1442,179900
1108,23257,2Story,7,2006,Gable,2021,3,1,9,422,0,868,887,274725
1109,8063,2Story,6,2000,Gable,1690,3,1,7,463,100,924,948,181000
1110,11362,1Story,8,2004,Gable,1836,3,1,7,862,125,1836,1836,280000
1111,8000,2Story,6,1995,Gable,1658,3,1,8,431,224,773,773,188000
1112,10480,2Story,7,1976,Hip,1964,4,1,8,483,0,803,1098,205000
1113,7100,1Story,5,1957,Gable,816,2,1,5,308,0,816,816,129900
1114,8923,1Story,5,1953,Gable,1008,2,1,6,240,0,1008,1008,134500
1115,5400,1Story,5,1954,Gable,833,2,1,4,326,0,833,833,117000
1116,12085,1Story,8,2007,Hip,1734,3,1,7,928,0,1734,1734,318000
1117,7750,SLvl,8,2002,Hip,1419,3,1,7,527,120,408,779,184100
1118,9764,1Story,5,1967,Gable,894,3,1,5,450,0,894,894,130000
1119,13825,SLvl,5,1958,Gable,1601,3,1,6,300,280,533,1021,140000
1120,7560,1Story,5,1959,Gable,1040,3,1,6,286,140,1040,1040,133700
1121,8263,1Story,6,1920,Gable,1012,2,1,6,308,0,1012,1012,118400
1122,10084,1Story,7,2005,Gable,1552,3,1,7,782,144,1552,1552,212900
1123,8926,1Story,4,1956,Gable,960,3,1,5,288,64,672,960,112000
1124,9405,1Story,5,1947,Hip,698,2,1,4,0,0,698,698,118000
1125,9125,SLvl,7,1992,Gable,1482,3,1,7,392,100,384,812,163900
1126,10434,1Story,4,1955,Gable,1005,2,1,5,672,0,1005,1005,115000
1127,3684,1Story,7,2007,Hip,1555,2,1,7,660,143,1373,1555,174000
1128,14572,1Story,7,2004,Hip,1530,3,1,7,630,144,1530,1530,259000
1129,11796,2Story,7,2004,Gable,1959,4,1,8,434,100,847,847,215000
1130,7200,SFoyer,5,1980,Gable,936,2,1,4,672,49,936,936,140000
1131,7804,1.5Fin,4,1928,Gable,1981,4,1,7,576,431,1122,1328,135000
1132,10712,1Story,5,1991,Gable,974,3,1,5,0,0,974,974,93500
1133,9900,2Story,6,1880,Gable,2210,5,1,8,205,0,1008,1178,117500
1134,9828,2Story,8,1995,Gable,2020,3,1,8,466,0,1128,1142,239500
1135,8773,2Story,6,1997,Gable,1600,3,1,7,460,100,916,916,169000
1136,6180,1Story,6,1926,Gable,986,2,1,5,180,0,960,986,102000
1137,9600,1.5Fin,6,1950,Gable,1252,3,1,6,288,0,1032,1032,119000
1138,6342,1.5Fin,5,1875,Gable,1020,2,1,6,0,0,780,780,94000
1139,9819,1Story,6,1977,Gable,1567,2,1,5,714,264,1567,1567,196000
1140,8731,1Story,5,1920,Gable,1167,3,1,6,495,0,915,1167,144000
1141,7350,1Story,5,1951,Gable,952,2,1,4,840,0,952,952,139000
1142,10304,2Story,5,1976,Gable,1868,4,1,9,484,448,780,1088,197500
1143,9965,2Story,8,2006,Hip,2828,4,1,11,1052,125,1466,1466,424870
1144,9000,1Story,5,1959,Gable,1006,3,1,5,0,0,1006,1006,80000
1145,12180,1.5Fin,4,1941,Gable,924,2,1,5,280,0,672,672,80000
1146,6240,1.5Fin,5,1928,Gable,1576,3,1,8,225,0,1042,1042,149000
1147,11200,1Story,6,1985,Gable,1298,3,1,5,403,165,1298,1298,180000
1148,12000,2Story,7,1941,Gable,1564,3,1,7,234,0,704,860,174500
1149,5700,1.5Fin,7,1926,Gable,1111,2,1,5,288,0,572,572,116900
1150,9000,2Story,7,1920,Hip,1482,3,1,7,324,0,650,832,143000
1151,8280,1Story,6,1950,Gable,932,2,1,4,306,0,932,932,124000
1152,17755,1Story,5,1959,Gable,1466,3,1,6,528,0,1466,1466,149900
1153,14115,1Story,6,1956,Gable,1811,2,1,6,470,0,1073,1811,230000
1154,5890,1Story,6,1930,Gable,816,2,1,5,432,0,816,816,120500
1155,13700,2Story,7,1965,Gable,1820,4,1,8,492,60,864,902,201800
1156,10768,1Story,5,1976,Gable,1437,3,1,6,528,0,1437,1437,218000
1157,9350,SLvl,5,1965,Gable,1265,3,1,6,502,0,1219,1265,179900
1158,5001,1Story,7,2007,Gable,1314,2,1,6,626,172,1314,1314,230000
1159,11932,1Story,8,2007,Gable,1580,3,1,7,830,0,1580,1580,235128
1160,9120,2Story,6,1974,Hip,1876,4,1,8,540,0,901,943,185000
1161,2280,2Story,6,1978,Gable,1456,3,1,7,440,26,855,855,146000
1162,14778,1Story,6,1954,Hip,1640,3,1,7,924,108,1296,1640,224000
1163,8724,1Story,5,1968,Gable,894,3,1,5,450,0,894,894,129000
1164,12900,SFoyer,4,1969,Gable,1258,0,2,6,400,120,1198,1258,108959
1165,16157,SLvl,5,1978,Gable,1432,2,1,5,588,168,1360,1432,194000
1166,9541,1Story,7,2009,Gable,1502,3,1,7,644,0,1502,1502,233170
1167,10475,1Story,8,2008,Gable,1694,3,1,7,776,160,1694,1694,245350
1168,10852,2Story,6,2000,Gable,1671,3,1,7,472,0,959,959,173000
1169,13728,2Story,6,1935,Hip,2108,4,1,7,540,0,1127,1236,235000
1170,35760,2Story,10,1995,Hip,3627,4,1,10,807,361,1930,1831,625000
1171,9880,SLvl,6,1977,Gable,1118,3,1,6,358,203,1096,1118,171000
1172,9120,1Story,6,1958,Hip,1261,3,1,6,433,0,1261,1261,163000
1173,4017,2Story,7,2006,Gable,1250,2,1,5,625,0,625,625,171900
1174,18030,1.5Fin,5,1946,Gable,3086,3,1,12,0,122,1598,1636,200500
1175,16560,2Story,6,1932,Gable,2345,4,1,9,360,0,952,1170,239000
1176,10678,1.5Fin,8,1992,Hip,2872,4,1,9,541,0,1683,2129,285000
1177,6951,1Story,5,1984,Gable,923,3,1,5,264,362,876,923,119500
1178,3950,1.5Fin,6,1926,Gable,1224,3,1,5,210,0,818,818,115000
1179,7681,1.5Fin,5,1921,Gable,1343,3,1,7,186,192,731,820,154900
1180,8335,1Story,5,1954,Gable,1124,3,1,5,0,0,0,1124,93000
1181,11170,2Story,7,1990,Gable,2514,4,1,8,693,0,1216,1298,250000
1182,5587,1Story,8,2008,Hip,1652,2,1,5,482,162,1600,1652,392500
1183,15623,2Story,10,1996,Hip,4476,4,1,10,813,171,2396,2411,745000
1184,10800,1Story,5,1920,Hip,1130,2,1,5,720,229,1120,1130,120000
1185,35133,1Story,5,1963,Hip,1572,3,1,5,995,0,1572,1572,186700
1186,9738,1.5Fin,5,1924,Gable,1221,4,1,7,392,0,784,949,104900
1187,10615,2Story,3,1900,Gable,1699,3,2,7,420,0,978,1014,95000
1188,12461,1Story,8,1994,Gable,1624,2,1,5,757,0,1624,1624,262000
1189,8935,2Story,7,2002,Gable,1660,3,1,7,493,144,831,831,195000
1190,7500,2Story,7,1999,Gable,1804,3,1,7,442,140,994,1028,189000
1191,32463,1Story,4,1961,Gable,1622,3,1,7,1356,439,1249,1622,168000
1192,2645,2Story,8,1999,Gable,1441,2,1,5,492,206,776,764,174000
1193,9600,1.5Fin,5,1925,Gambrel,1472,3,1,6,250,0,702,842,125000
1194,4500,1Story,6,1999,Hip,1224,2,1,5,402,0,1224,1224,165000
1195,9364,2Story,6,1969,Gable,1352,4,1,7,299,379,663,663,158000
1196,8029,2Story,6,2005,Gable,1456,3,1,8,400,100,728,728,176000
1197,14054,2Story,7,2006,Gable,1863,4,1,9,660,100,879,879,219210
1198,8850,2.5Unf,7,1916,Gable,1690,3,1,7,225,0,815,815,144000
1199,9100,1Story,7,2001,Gable,1212,3,1,6,573,356,1212,1212,178000
1200,11235,1Story,4,1963,Gable,1382,3,1,6,459,0,1051,1382,148000
1201,9353,1Story,4,1970,Gable,864,3,1,5,280,0,864,864,116050
1202,10400,2Story,7,1998,Gable,1779,3,1,6,546,198,866,866,197900
1203,6000,1.5Fin,5,1925,Gable,1348,3,1,5,216,0,884,884,117000
1204,9750,1Story,7,2000,Gable,1630,3,1,6,451,74,1630,1630,213000
1205,10140,1Story,5,1975,Gable,1074,3,1,6,495,0,1056,1074,153500
1206,14684,1Story,7,1990,Hip,2196,3,1,7,701,84,2158,2196,271900
1207,8900,1Story,4,1966,Gable,1056,2,1,5,384,0,1056,1056,107000
1208,9135,1Story,6,2003,Gable,1700,3,1,7,544,192,1682,1700,200000
1209,7763,1Story,5,1962,Gable,1283,3,1,6,506,0,931,1283,140000
1210,10182,1Story,8,2006,Hip,1660,3,1,8,500,322,1660,1660,290000
1211,11218,2Story,6,1992,Gable,1845,3,1,8,462,635,1055,1055,189000
1212,12134,1.5Fin,8,1988,Gable,1752,4,1,8,492,325,559,1080,164000
1213,9340,1Story,4,1941,Hip,672,2,1,4,234,0,672,672,113000
1214,10246,SLvl,4,1965,Gable,960,0,1,3,364,88,648,960,145000
1215,10205,SFoyer,5,1962,Gable,999,3,1,6,300,150,925,999,134500
1216,7094,1Story,5,1966,Gable,894,3,1,5,384,0,894,894,125000
1217,8930,1.5Fin,6,1978,Gable,1902,4,2,8,539,0,0,1318,112000
1218,8640,1Story,8,2009,Gable,1314,3,1,6,552,135,1300,1314,229456
1219,6240,1.5Fin,4,1947,Gable,912,2,1,3,0,0,0,672,80500
1220,1680,2Story,6,1971,Gable,1218,3,1,7,0,201,672,672,91500
1221,7800,1Story,5,1964,Gable,912,2,1,5,288,0,912,912,115000
1222,8250,1Story,5,1968,Hip,1211,3,1,5,322,0,952,1211,134000
1223,10496,1.5Fin,6,1949,Gable,1846,3,1,7,315,0,1040,1168,143000
1224,10680,1Story,5,1951,Hip,2136,4,1,7,528,0,2136,2136,137900
1225,15384,2Story,7,2004,Gable,1490,3,1,8,388,100,788,788,184000
1226,10482,SLvl,6,1958,Hip,1138,3,1,6,264,224,588,1138,145000
1227,14598,2Story,6,2007,Gable,1933,4,1,9,668,100,894,894,214000
1228,8872,1Story,5,1965,Gable,912,2,1,5,576,0,912,912,147000
1229,8769,1Story,9,2008,Hip,1702,1,1,7,1052,0,1702,1702,367294
1230,7910,SLvl,5,1960,Hip,1507,4,1,7,404,0,1075,1507,127000
1231,18890,1.5Fin,5,1977,Shed,2620,4,2,12,600,155,1361,1361,190000
1232,7728,SLvl,5,1962,Hip,1190,3,1,6,540,0,1106,1190,132500
1233,9842,1Story,4,1962,Gable,1224,2,2,6,462,0,0,1224,101800
1234,12160,1Story,5,1959,Hip,1188,3,1,6,531,0,1188,1188,142000
1235,8525,2Story,5,1911,Gable,1964,4,1,7,0,0,940,1024,130000
1236,13132,2Story,5,1914,Gable,1784,4,1,9,180,203,747,892,138887
1237,2628,2Story,7,2003,Gable,1626,2,1,6,474,0,764,764,175500
1238,12393,2Story,7,2004,Gable,1948,4,1,8,434,100,847,847,195000
1239,13072,1Story,6,2005,Gable,1141,3,1,6,484,0,1141,1141,142500
1240,9037,1Story,8,2006,Hip,1484,2,1,6,472,120,1476,1484,265900
1241,8158,2Story,7,2003,Gable,1768,3,1,8,543,0,884,884,224900
1242,9849,1Story,7,2007,Hip,1689,3,1,7,954,0,1689,1689,248328
1243,10625,SFoyer,7,1974,Gable,1173,3,1,6,528,0,1053,1173,170000
1244,13891,1Story,10,2006,Gable,2076,2,1,7,850,216,2076,2076,465000
1245,11435,2Story,8,1929,Gable,1517,3,1,7,400,0,792,792,230000
1246,12090,SLvl,6,1984,Hip,1868,3,1,7,477,268,585,1140,178000
1247,8125,2Story,7,2005,Gable,1553,3,1,6,615,0,756,756,186500
1248,12328,SLvl,6,1976,Gable,1034,3,1,6,888,0,1012,1034,169900
1249,9600,2.5Unf,6,1917,Gable,2058,3,1,8,396,0,735,1134,129500
1250,7200,1Story,5,1950,Gable,988,3,1,6,276,0,876,988,119000
1251,11160,1Story,7,1968,Hip,2110,3,1,8,522,0,2110,2110,244000
1252,3136,1Story,7,2003,Gable,1405,2,1,6,478,148,1405,1405,171750
1253,9858,1Story,5,1968,Gable,874,3,1,5,288,33,864,874,130000
1254,17542,2Story,7,1974,Gable,2167,3,1,9,518,220,1192,1516,294000
1255,6931,2Story,7,2003,Gable,1656,3,1,7,397,178,746,760,165400
1256,6240,1.5Fin,6,1931,Gable,1367,3,1,6,560,0,884,959,127500
1257,14303,1Story,8,1994,Hip,1987,2,1,7,691,262,1986,1987,301500
1258,4060,1Story,5,1922,Gable,864,2,1,4,0,0,864,864,99900
1259,9587,SLvl,7,2005,Gable,1166,2,1,5,400,212,856,1166,190000
1260,9750,1Story,6,1969,Gable,1054,3,1,6,460,180,1054,1054,151000
1261,24682,2Story,6,1999,Gable,1675,3,1,7,502,0,841,892,181000
1262,9600,1Story,5,1956,Hip,1050,2,1,5,338,0,1050,1050,128900
1263,11250,1.5Fin,4,1957,Gable,1788,5,1,8,304,120,1104,1104,161500
1264,13515,2Story,6,1919,Gambrel,1824,3,1,8,520,0,764,1060,180500
1265,4060,1Story,6,1998,Gable,1337,2,1,5,511,144,1405,1337,181000
1266,3735,2Story,7,1999,Hip,1452,3,1,6,506,0,691,713,183900
1267,10120,2.5Unf,7,1910,Hip,1889,4,2,9,308,0,925,964,122000
1268,13214,1Story,9,2008,Hip,2018,3,1,10,746,144,2002,2018,378500
1269,14100,1.5Fin,8,1935,Gable,3447,4,1,11,1014,314,728,1968,381000
1270,11344,1.5Fin,5,1958,Gable,1524,3,1,7,315,0,874,874,144000
1271,23595,1Story,7,1979,Shed,1524,0,1,4,586,268,1332,1332,260000
1272,9156,1Story,6,1968,Hip,1489,3,1,7,462,0,1489,1489,185750
1273,13526,1Story,5,1965,Hip,935,3,1,5,288,180,935,935,137000
1274,11512,SLvl,6,1959,Gable,1357,2,1,5,312,0,1019,1357,177000
1275,5362,1.5Fin,5,1910,Gable,1250,3,1,8,552,242,661,661,139000
1276,11345,2Story,5,1948,Gable,1920,4,2,10,400,0,928,928,137000
1277,12936,2Story,6,1972,Gable,1395,3,1,6,497,294,723,735,162000
1278,17871,SLvl,6,1967,Gable,1724,3,1,7,480,0,1680,1724,197900
1279,9473,2Story,8,2002,Gable,2031,3,1,7,577,0,1128,1128,237000
1280,7500,1.5Fin,4,1920,Gable,1128,2,1,6,528,30,698,698,68400
1281,9808,1Story,7,2002,Gable,1573,3,1,6,544,0,1573,1573,227000
1282,8049,1Story,7,1990,Hip,1339,2,1,6,484,0,1309,1339,180000
1283,8800,1Story,5,1977,Gable,1040,3,1,5,484,0,1040,1040,150500
1284,9400,2Story,6,1971,Mansard,1824,4,2,8,0,128,912,912,139000
1285,9638,1.5Fin,6,1919,Gable,2447,4,1,10,336,272,804,1699,169000
1286,6000,1.5Fin,6,1939,Gable,1412,4,1,6,280,45,780,825,132500
1287,9790,1Story,6,1963,Hip,1328,3,1,6,528,0,1328,1328,143000
1288,36500,1Story,5,1964,Gable,1582,4,1,7,390,168,1624,1582,190000
1289,5664,1Story,8,2000,Gable,1659,2,1,5,499,212,1501,1659,278000
1290,11065,2Story,8,2006,Gable,1970,3,1,8,753,177,1085,1120,281000
1291,14112,SLvl,5,1964,Hip,1152,3,1,6,484,227,1152,1152,180500
1292,1680,2Story,5,1972,Gable,1302,3,1,6,264,185,630,630,119500
1293,6600,2Story,5,1892,Gable,2372,4,2,11,432,0,994,1378,107500
1294,10140,2Story,7,1976,Gable,1664,4,1,8,528,0,832,832,162900
1295,8172,1Story,5,1955,Hip,864,2,1,5,572,0,864,864,115000
1296,8400,1Story,5,1968,Hip,1052,3,1,5,288,356,1052,1052,138500
1297,8700,1Story,5,1963,Hip,1128,3,1,6,525,192,1120,1128,155000
1298,3675,SFoyer,6,2005,Gable,1072,2,1,5,525,0,547,1072,140000
1299,63887,2Story,10,2008,Hip,5642,3,1,12,1418,214,6110,4692,160000
1300,7500,1Story,5,1959,Hip,1246,3,1,6,305,218,1246,1246,154000
1301,10762,2Story,7,1999,Gable,1983,3,1,9,490,0,978,1005,225000
1302,7500,2Story,6,1942,Gable,1494,3,1,7,213,0,771,753,177500
1303,10120,2Story,8,1994,Hip,2526,4,1,8,844,309,1165,1203,290000
1304,8688,1Story,7,2005,Gable,1616,3,1,7,834,208,1616,1616,232000
1305,3363,2Story,7,2004,Gable,1708,3,1,7,380,0,976,976,130000
1306,13173,1Story,9,2006,Hip,1652,2,1,6,840,404,1652,1652,325000
1307,6955,1Story,7,2005,Gable,1368,2,1,6,474,132,1368,1368,202500
1308,8072,1Story,5,1994,Gable,990,3,1,5,480,0,990,990,138000
1309,12000,1Story,5,1948,Gable,1122,2,1,6,528,0,924,1122,147000
1310,7153,1Story,6,1991,Gable,1294,3,1,6,496,112,1278,1294,179200
1311,17500,1Story,7,1959,Gable,1902,3,1,7,567,0,1902,1902,335000
1312,8814,1Story,7,2005,Gable,1274,3,1,6,508,264,1274,1274,203000
1313,9572,2Story,8,1990,Gable,2810,4,1,9,750,500,1453,1453,302000
1314,14774,2Story,9,1999,Gable,2599,4,1,10,779,668,1393,1422,333168
1315,8190,1Story,4,1954,Hip,948,3,1,5,280,0,948,948,119000
1316,11075,2Story,6,1969,Gable,2112,4,1,9,576,280,952,1092,206900
1317,10226,1Story,8,2008,Gable,1630,3,1,8,860,172,1622,1630,295493
1318,4230,1Story,7,2006,Gable,1352,2,1,5,466,0,1352,1352,208900
1319,14781,1Story,8,2001,Hip,1787,3,1,7,748,198,1753,1787,275000
1320,10215,1Story,4,1954,Hip,948,3,1,5,248,0,864,948,111000
1321,8400,1Story,6,1957,Hip,1478,3,1,6,442,114,1478,1478,156500
1322,6627,1Story,3,1949,Hip,720,2,1,4,287,0,0,720,72500
1323,10186,2Story,7,1992,Gable,1923,3,1,8,564,240,750,1061,190000
1324,5330,1Story,4,1940,Hip,708,2,1,5,0,164,420,708,82500
1325,9986,1Story,8,2006,Gable,1795,2,1,7,895,0,1795,1795,147000
1326,3636,1Story,4,1922,Gable,796,2,1,5,0,0,796,796,55000
1327,4270,1Story,3,1931,Gable,774,3,1,6,0,0,544,774,79000
1328,6600,1Story,5,1982,Gable,816,3,1,5,264,0,816,816,130500
1329,10440,1.5Fin,6,1920,Gable,2792,5,1,8,520,0,1510,1584,256000
1330,9084,2Story,7,1998,Hip,1632,3,1,8,462,0,935,955,176500
1331,10000,1Story,8,2006,Hip,1588,3,1,7,825,144,1588,1588,227000
1332,10780,SLvl,5,1976,Gable,954,3,1,6,576,0,911,954,132500
1333,8877,1Story,4,1938,Gable,816,2,1,3,288,0,816,816,100000
1334,7200,1.5Fin,5,1938,Gable,1360,2,1,6,297,0,803,803,125500
1335,2368,2Story,5,1970,Gable,1365,3,1,7,440,0,765,765,125000
1336,9650,1Story,6,1977,Gable,1334,2,1,6,630,0,1350,1334,167900
1337,9246,1Story,5,1973,Gable,1656,4,2,8,506,0,1656,1656,135000
1338,4118,1Story,4,1941,Gable,693,2,1,4,0,0,693,693,52500
1339,13450,2Story,7,2002,Gable,1861,3,1,8,492,146,916,920,200000
1340,9560,1Story,5,1972,Hip,864,3,1,5,288,0,864,864,128500
1341,8294,1Story,4,1971,Gable,872,3,1,5,480,0,858,872,123000
1342,13695,1Story,6,2003,Gable,1114,3,1,6,576,0,1114,1114,155000
1343,9375,2Story,8,2002,Gable,2169,3,1,7,647,192,1284,1284,228500
1344,7558,1.5Fin,6,1928,Gable,1913,3,1,9,342,0,896,1172,177000
1345,11103,2Story,7,2006,Gable,1456,3,1,8,440,0,728,728,155835
1346,6000,1Story,4,1920,Hip,960,2,1,5,308,0,960,960,108500
1347,20781,1Story,7,1968,Hip,2156,3,1,9,508,0,1568,2156,262500
1348,15306,1Story,8,2006,Gable,1776,3,1,7,712,0,1732,1776,283463
1349,16196,1Story,7,1998,Gable,1494,3,1,5,514,402,1482,1494,215000
1350,5250,2Story,8,1872,Gable,2358,4,1,8,0,0,684,938,122000
1351,11643,2Story,5,1969,Gable,2634,6,2,12,968,0,1248,1338,200000
1352,9247,2Story,6,1962,Gable,1716,4,1,8,490,0,858,858,171000
1353,6000,1.5Fin,6,1937,Gable,1176,2,1,4,624,210,698,786,134900
1354,14720,1.5Fin,8,1995,Hip,3238,4,1,9,666,283,2033,2053,410000
1355,10316,2Story,7,2000,Gable,1865,3,1,7,839,0,992,992,235000
1356,10192,SLvl,7,1968,Gable,1920,4,1,8,487,0,570,1222,170000
1357,9477,1Story,5,1966,Gable,892,3,1,5,264,0,864,892,110000
1358,12537,1Story,5,1971,Gable,1078,3,1,6,500,0,1078,1078,149900
1359,2117,2Story,6,2000,Gable,1573,3,1,5,440,0,756,769,177500
1360,16737,1Story,9,2004,Hip,1980,3,1,8,770,194,1980,1980,315000
1361,9842,2Story,5,1921,Gable,2601,4,1,8,621,183,612,990,189000
1362,16158,1Story,7,2005,Hip,1530,3,1,7,430,168,1530,1530,260000
1363,12513,1.5Fin,4,1920,Gable,1738,4,1,7,368,55,715,1281,104900
1364,8499,2Story,6,2006,Gable,1412,3,1,6,432,0,616,616,156932
1365,3180,2Story,7,2005,Gable,1200,2,1,4,480,0,600,520,144152
1366,7500,2Story,7,2000,Gable,1674,3,1,7,663,0,814,814,216000
1367,9179,2Story,7,1999,Gable,1790,3,1,7,588,0,873,882,193000
1368,2665,2Story,5,1977,Gable,1475,4,1,6,336,104,757,925,127000
1369,4435,1Story,6,2003,Gable,848,1,1,4,420,140,848,848,144000
1370,10635,1Story,8,2003,Hip,1668,3,1,8,502,0,1657,1668,232000
1371,5400,1.5Fin,4,1920,Gable,1374,2,1,6,338,0,840,840,105000
1372,9600,SLvl,6,1955,Hip,1661,3,1,8,377,0,992,1661,165500
1373,9750,2Story,7,1998,Gable,2097,3,1,8,583,253,1108,1108,274300
1374,11400,1Story,10,2001,Hip,2633,2,1,8,804,314,2633,2633,466500
1375,10625,2Story,7,2005,Gable,1958,3,1,9,936,154,1026,1026,250000
1376,10991,1Story,8,2007,Gable,1571,3,1,7,722,100,1571,1571,239000
1377,6292,1Story,6,1930,Gable,790,2,1,4,160,0,768,790,91000
1378,10998,1.5Fin,5,1941,Gable,1604,3,1,6,660,0,984,984,117000
1379,1953,2Story,6,1973,Gable,987,2,1,5,264,72,483,483,83000
1380,9735,SLvl,5,2006,Gable,1394,3,1,7,400,100,384,754,167500
1381,8212,1Story,3,1914,Gable,864,2,1,5,200,0,864,864,58500
1382,12925,1Story,6,1970,Gable,2117,4,1,7,550,0,1205,2117,237500
1383,7200,2Story,7,1920,Hip,1762,4,1,8,576,36,596,998,157000
1384,25339,1Story,5,1918,Gable,1416,3,1,7,576,0,816,1416,112000
1385,9060,1.5Fin,6,1939,Gable,1258,2,1,6,280,0,560,698,105000
1386,5436,1.5Fin,4,1922,Gable,1154,3,1,7,240,0,796,796,125500
1387,16692,2Story,7,1978,Gable,2784,5,1,12,564,0,1392,1392,250000
1388,8520,1.5Fin,6,1916,Gable,2526,5,1,10,216,88,714,1664,136000
1389,14892,1Story,9,2006,Gable,1746,3,1,7,758,201,1746,1746,377500
1390,6000,1.5Fin,6,1941,Gable,1218,3,1,6,440,0,735,869,131000
1391,9100,1Story,7,2000,Gable,1525,3,1,6,541,219,1525,1525,235000
1392,8944,1Story,5,1967,Gable,1584,4,2,8,792,0,1584,1584,124000
1393,7838,SFoyer,5,1967,Gable,900,3,1,6,288,175,864,900,123000
1394,10800,1.5Fin,6,1905,Gable,1912,3,2,7,672,0,482,1221,163000
1395,4045,1Story,7,2006,Hip,1500,2,1,6,648,161,1356,1500,246578
1396,12665,2Story,8,2005,Hip,2482,4,1,9,642,144,1094,1133,281213
1397,57200,1Story,5,1948,Gable,1687,3,1,7,572,0,747,1687,160000
1398,6120,2Story,5,1920,Gable,1513,4,1,8,180,24,939,939,137500
1399,7200,1.5Fin,5,1950,Gable,1904,3,1,7,240,0,1208,1136,138000
1400,6171,1.5Fin,6,1925,Gable,1608,3,1,7,216,147,976,1160,137450
1401,6000,1.5Fin,6,1929,Gable,1158,3,1,5,208,0,862,950,120000
1402,7415,2Story,6,2004,Gable,1593,3,1,8,398,100,839,864,193000
1403,6762,1Story,7,2006,Gable,1294,2,1,6,662,168,1286,1294,193879
1404,15256,1Story,8,2007,Gable,1464,3,1,6,754,168,1485,1464,282922
1405,10410,1.5Fin,3,1915,Gable,1214,3,1,6,936,216,672,694,105000
1406,3842,1Story,8,2004,Hip,1646,2,1,5,482,128,1594,1646,275000
1407,8445,SFoyer,5,1972,Gable,768,2,1,5,396,58,768,768,133000
1408,8780,1Story,5,1985,Gable,833,3,1,5,0,0,833,833,112000
1409,7740,2Story,4,1910,Gable,1363,3,1,6,528,0,622,741,125500
1410,20544,2Story,7,1986,Gable,2093,3,1,7,542,364,791,1236,215000
1411,12420,2Story,7,2001,Gable,1840,3,1,6,622,0,944,944,230000
1412,9600,1.5Fin,6,1950,Gable,1668,3,1,6,271,0,856,1112,140000
1413,7200,1Story,4,1949,Gable,1040,2,2,6,420,0,0,1040,90000
1414,10994,1Story,8,2005,Gable,1844,2,1,7,620,165,1844,1844,257000
1415,13053,1.5Fin,6,1923,Gambrel,1848,4,1,8,370,0,833,1053,207000
1416,3635,1Story,7,2007,Hip,1569,1,1,7,660,143,1386,1569,175900
1417,11340,2Story,4,1885,Gable,2290,4,2,11,560,0,777,1246,122500
1418,16545,2Story,8,1998,Gable,2450,3,1,7,1069,0,1284,1310,340000
1419,9204,1Story,5,1963,Gable,1144,3,1,6,336,0,1144,1144,124000
1420,16381,1Story,6,1969,Gable,1844,3,1,7,540,0,1844,1844,223000
1421,11700,2Story,6,1968,Gable,1416,3,1,7,776,0,708,708,179900
1422,4043,1Story,6,1977,Gable,1069,2,1,4,440,0,1069,1069,127500
1423,4435,1Story,6,2003,Gable,848,1,1,3,420,140,848,848,136500
1424,19690,SLvl,6,1966,Flat,2201,4,1,8,432,586,697,1575,274970
1425,9503,1Story,5,1958,Hip,1344,2,1,6,484,316,1024,1344,144000
1426,10721,1Story,6,1959,Hip,1252,3,1,7,528,0,1252,1252,142000
1427,10944,2Story,7,1994,Gable,2127,3,1,5,525,171,1223,1223,271000
1428,10930,1.5Fin,5,1945,Gable,1558,3,1,6,288,0,913,1048,140000
1429,7200,1Story,5,1940,Gable,804,2,1,4,240,0,788,804,119000
1430,12546,1Story,6,1981,Gable,1440,3,1,7,467,0,1440,1440,182900
1431,21930,2Story,5,2005,Gable,1838,4,1,7,372,100,732,734,192140
1432,4928,1Story,6,1976,Gable,958,2,1,5,440,0,958,958,143750
1433,10800,1Story,4,1927,Gable,968,4,1,5,216,0,656,968,64500
1434,10261,2Story,6,2000,Gable,1792,3,1,8,451,0,936,962,186500
1435,17400,1Story,5,1977,Gable,1126,3,1,5,484,295,1126,1126,160000
1436,8400,1Story,6,1962,Gable,1537,3,1,7,462,0,1319,1537,174000
1437,9000,1Story,4,1971,Gable,864,3,1,5,528,0,864,864,120500
1438,12444,1Story,8,2008,Hip,1932,2,1,7,774,0,1932,1932,394617
1439,7407,1Story,6,1957,Gable,1236,2,1,6,923,0,912,1236,149700
1440,11584,SLvl,7,1979,Hip,1725,3,1,6,550,0,539,1040,197000
1441,11526,2.5Fin,6,1922,Gable,2555,3,1,11,672,431,588,1423,191000
1442,4426,1Story,6,2004,Gable,848,1,1,3,420,149,848,848,149300
1443,11003,2Story,10,2008,Gable,2007,3,1,10,812,168,1017,1026,310000
1444,8854,1.5Unf,6,1916,Gable,952,2,1,4,192,0,952,952,121000
1445,8500,1Story,7,2004,Gable,1422,3,1,7,626,192,1422,1422,179600
1446,8400,SFoyer,6,1966,Gable,913,3,1,6,240,0,814,913,129000
1447,26142,1Story,5,1962,Gable,1188,3,1,6,312,261,1188,1188,157900
1448,10000,2Story,8,1995,Gable,2090,3,1,8,556,0,1220,1220,240000
1449,11767,2Story,4,1910,Gable,1346,2,1,6,384,168,560,796,112000
1450,1533,SFoyer,5,1970,Gable,630,1,1,3,0,0,630,630,92000
1451,9000,2Story,5,1974,Gable,1792,4,2,8,0,32,896,896,136000
1452,9262,1Story,8,2008,Gable,1578,3,1,7,840,0,1573,1578,287090
1453,3675,SLvl,5,2005,Gable,1072,2,1,5,525,0,547,1072,145000
1454,17217,1Story,5,2006,Gable,1140,3,1,6,0,36,1140,1140,84500
1455,7500,1Story,7,2004,Gable,1221,2,1,6,400,0,1221,1221,185000
1456,7917,2Story,6,1999,Gable,1647,3,1,7,460,0,953,953,175000
1457,13175,1Story,6,1978,Gable,2073,3,1,7,500,349,1542,2073,210000
1458,9042,2Story,7,1941,Gable,2340,4,1,9,252,0,1152,1188,266500
1459,9717,1Story,5,1950,Hip,1078,2,1,5,240,366,1078,1078,142125
1460,9937,1Story,5,1965,Gable,1256,3,1,6,276,736,1256,1256,147500
